--
-- PostgreSQL database dump
--

-- Dumped from database version 17.5
-- Dumped by pg_dump version 17.5

SET statement_timeout = 0;
SET lock_timeout = 0;
SET idle_in_transaction_session_timeout = 0;
SET transaction_timeout = 0;
SET client_encoding = 'UTF8';
SET standard_conforming_strings = on;
SELECT pg_catalog.set_config('search_path', '', false);
SET check_function_bodies = false;
SET xmloption = content;
SET client_min_messages = warning;
SET row_security = off;

SET default_tablespace = '';

SET default_table_access_method = heap;

--
-- Name: academics_course; Type: TABLE; Schema: public; Owner: eman
--

CREATE TABLE public.academics_course (
    id bigint NOT NULL,
    name character varying(100) NOT NULL,
    code character varying(10) NOT NULL,
    faculty_id bigint,
    program_id bigint NOT NULL
);


ALTER TABLE public.academics_course OWNER TO eman;

--
-- Name: academics_course_id_seq; Type: SEQUENCE; Schema: public; Owner: eman
--

ALTER TABLE public.academics_course ALTER COLUMN id ADD GENERATED BY DEFAULT AS IDENTITY (
    SEQUENCE NAME public.academics_course_id_seq
    START WITH 1
    INCREMENT BY 1
    NO MINVALUE
    NO MAXVALUE
    CACHE 1
);


--
-- Name: academics_department; Type: TABLE; Schema: public; Owner: eman
--

CREATE TABLE public.academics_department (
    id bigint NOT NULL,
    name character varying(100) NOT NULL
);


ALTER TABLE public.academics_department OWNER TO eman;

--
-- Name: academics_department_id_seq; Type: SEQUENCE; Schema: public; Owner: eman
--

ALTER TABLE public.academics_department ALTER COLUMN id ADD GENERATED BY DEFAULT AS IDENTITY (
    SEQUENCE NAME public.academics_department_id_seq
    START WITH 1
    INCREMENT BY 1
    NO MINVALUE
    NO MAXVALUE
    CACHE 1
);


--
-- Name: academics_program; Type: TABLE; Schema: public; Owner: eman
--

CREATE TABLE public.academics_program (
    id bigint NOT NULL,
    name character varying(100) NOT NULL,
    department_id bigint NOT NULL
);


ALTER TABLE public.academics_program OWNER TO eman;

--
-- Name: academics_program_id_seq; Type: SEQUENCE; Schema: public; Owner: eman
--

ALTER TABLE public.academics_program ALTER COLUMN id ADD GENERATED BY DEFAULT AS IDENTITY (
    SEQUENCE NAME public.academics_program_id_seq
    START WITH 1
    INCREMENT BY 1
    NO MINVALUE
    NO MAXVALUE
    CACHE 1
);


--
-- Name: academics_timetable; Type: TABLE; Schema: public; Owner: eman
--

CREATE TABLE public.academics_timetable (
    id bigint NOT NULL,
    day character varying(10) NOT NULL,
    start_time time without time zone NOT NULL,
    end_time time without time zone NOT NULL,
    course_id bigint NOT NULL
);


ALTER TABLE public.academics_timetable OWNER TO eman;

--
-- Name: academics_timetable_id_seq; Type: SEQUENCE; Schema: public; Owner: eman
--

ALTER TABLE public.academics_timetable ALTER COLUMN id ADD GENERATED BY DEFAULT AS IDENTITY (
    SEQUENCE NAME public.academics_timetable_id_seq
    START WITH 1
    INCREMENT BY 1
    NO MINVALUE
    NO MAXVALUE
    CACHE 1
);


--
-- Name: accounts_customuser; Type: TABLE; Schema: public; Owner: eman
--

CREATE TABLE public.accounts_customuser (
    id bigint NOT NULL,
    password character varying(128) NOT NULL,
    last_login timestamp with time zone,
    is_superuser boolean NOT NULL,
    username character varying(150) NOT NULL,
    first_name character varying(150) NOT NULL,
    last_name character varying(150) NOT NULL,
    email character varying(254) NOT NULL,
    is_staff boolean NOT NULL,
    is_active boolean NOT NULL,
    date_joined timestamp with time zone NOT NULL,
    user_type character varying(10) NOT NULL
);


ALTER TABLE public.accounts_customuser OWNER TO eman;

--
-- Name: accounts_customuser_groups; Type: TABLE; Schema: public; Owner: eman
--

CREATE TABLE public.accounts_customuser_groups (
    id bigint NOT NULL,
    customuser_id bigint NOT NULL,
    group_id integer NOT NULL
);


ALTER TABLE public.accounts_customuser_groups OWNER TO eman;

--
-- Name: accounts_customuser_groups_id_seq; Type: SEQUENCE; Schema: public; Owner: eman
--

ALTER TABLE public.accounts_customuser_groups ALTER COLUMN id ADD GENERATED BY DEFAULT AS IDENTITY (
    SEQUENCE NAME public.accounts_customuser_groups_id_seq
    START WITH 1
    INCREMENT BY 1
    NO MINVALUE
    NO MAXVALUE
    CACHE 1
);


--
-- Name: accounts_customuser_id_seq; Type: SEQUENCE; Schema: public; Owner: eman
--

ALTER TABLE public.accounts_customuser ALTER COLUMN id ADD GENERATED BY DEFAULT AS IDENTITY (
    SEQUENCE NAME public.accounts_customuser_id_seq
    START WITH 1
    INCREMENT BY 1
    NO MINVALUE
    NO MAXVALUE
    CACHE 1
);


--
-- Name: accounts_customuser_user_permissions; Type: TABLE; Schema: public; Owner: eman
--

CREATE TABLE public.accounts_customuser_user_permissions (
    id bigint NOT NULL,
    customuser_id bigint NOT NULL,
    permission_id integer NOT NULL
);


ALTER TABLE public.accounts_customuser_user_permissions OWNER TO eman;

--
-- Name: accounts_customuser_user_permissions_id_seq; Type: SEQUENCE; Schema: public; Owner: eman
--

ALTER TABLE public.accounts_customuser_user_permissions ALTER COLUMN id ADD GENERATED BY DEFAULT AS IDENTITY (
    SEQUENCE NAME public.accounts_customuser_user_permissions_id_seq
    START WITH 1
    INCREMENT BY 1
    NO MINVALUE
    NO MAXVALUE
    CACHE 1
);


--
-- Name: auth_group; Type: TABLE; Schema: public; Owner: eman
--

CREATE TABLE public.auth_group (
    id integer NOT NULL,
    name character varying(150) NOT NULL
);


ALTER TABLE public.auth_group OWNER TO eman;

--
-- Name: auth_group_id_seq; Type: SEQUENCE; Schema: public; Owner: eman
--

ALTER TABLE public.auth_group ALTER COLUMN id ADD GENERATED BY DEFAULT AS IDENTITY (
    SEQUENCE NAME public.auth_group_id_seq
    START WITH 1
    INCREMENT BY 1
    NO MINVALUE
    NO MAXVALUE
    CACHE 1
);


--
-- Name: auth_group_permissions; Type: TABLE; Schema: public; Owner: eman
--

CREATE TABLE public.auth_group_permissions (
    id bigint NOT NULL,
    group_id integer NOT NULL,
    permission_id integer NOT NULL
);


ALTER TABLE public.auth_group_permissions OWNER TO eman;

--
-- Name: auth_group_permissions_id_seq; Type: SEQUENCE; Schema: public; Owner: eman
--

ALTER TABLE public.auth_group_permissions ALTER COLUMN id ADD GENERATED BY DEFAULT AS IDENTITY (
    SEQUENCE NAME public.auth_group_permissions_id_seq
    START WITH 1
    INCREMENT BY 1
    NO MINVALUE
    NO MAXVALUE
    CACHE 1
);


--
-- Name: auth_permission; Type: TABLE; Schema: public; Owner: eman
--

CREATE TABLE public.auth_permission (
    id integer NOT NULL,
    name character varying(255) NOT NULL,
    content_type_id integer NOT NULL,
    codename character varying(100) NOT NULL
);


ALTER TABLE public.auth_permission OWNER TO eman;

--
-- Name: auth_permission_id_seq; Type: SEQUENCE; Schema: public; Owner: eman
--

ALTER TABLE public.auth_permission ALTER COLUMN id ADD GENERATED BY DEFAULT AS IDENTITY (
    SEQUENCE NAME public.auth_permission_id_seq
    START WITH 1
    INCREMENT BY 1
    NO MINVALUE
    NO MAXVALUE
    CACHE 1
);


--
-- Name: django_admin_log; Type: TABLE; Schema: public; Owner: eman
--

CREATE TABLE public.django_admin_log (
    id integer NOT NULL,
    action_time timestamp with time zone NOT NULL,
    object_id text,
    object_repr character varying(200) NOT NULL,
    action_flag smallint NOT NULL,
    change_message text NOT NULL,
    content_type_id integer,
    user_id bigint NOT NULL,
    CONSTRAINT django_admin_log_action_flag_check CHECK ((action_flag >= 0))
);


ALTER TABLE public.django_admin_log OWNER TO eman;

--
-- Name: django_admin_log_id_seq; Type: SEQUENCE; Schema: public; Owner: eman
--

ALTER TABLE public.django_admin_log ALTER COLUMN id ADD GENERATED BY DEFAULT AS IDENTITY (
    SEQUENCE NAME public.django_admin_log_id_seq
    START WITH 1
    INCREMENT BY 1
    NO MINVALUE
    NO MAXVALUE
    CACHE 1
);


--
-- Name: django_content_type; Type: TABLE; Schema: public; Owner: eman
--

CREATE TABLE public.django_content_type (
    id integer NOT NULL,
    app_label character varying(100) NOT NULL,
    model character varying(100) NOT NULL
);


ALTER TABLE public.django_content_type OWNER TO eman;

--
-- Name: django_content_type_id_seq; Type: SEQUENCE; Schema: public; Owner: eman
--

ALTER TABLE public.django_content_type ALTER COLUMN id ADD GENERATED BY DEFAULT AS IDENTITY (
    SEQUENCE NAME public.django_content_type_id_seq
    START WITH 1
    INCREMENT BY 1
    NO MINVALUE
    NO MAXVALUE
    CACHE 1
);


--
-- Name: django_migrations; Type: TABLE; Schema: public; Owner: eman
--

CREATE TABLE public.django_migrations (
    id bigint NOT NULL,
    app character varying(255) NOT NULL,
    name character varying(255) NOT NULL,
    applied timestamp with time zone NOT NULL
);


ALTER TABLE public.django_migrations OWNER TO eman;

--
-- Name: django_migrations_id_seq; Type: SEQUENCE; Schema: public; Owner: eman
--

ALTER TABLE public.django_migrations ALTER COLUMN id ADD GENERATED BY DEFAULT AS IDENTITY (
    SEQUENCE NAME public.django_migrations_id_seq
    START WITH 1
    INCREMENT BY 1
    NO MINVALUE
    NO MAXVALUE
    CACHE 1
);


--
-- Name: django_session; Type: TABLE; Schema: public; Owner: eman
--

CREATE TABLE public.django_session (
    session_key character varying(40) NOT NULL,
    session_data text NOT NULL,
    expire_date timestamp with time zone NOT NULL
);


ALTER TABLE public.django_session OWNER TO eman;

--
-- Name: faculty_faculty; Type: TABLE; Schema: public; Owner: eman
--

CREATE TABLE public.faculty_faculty (
    id bigint NOT NULL,
    department_id bigint,
    user_id bigint NOT NULL
);


ALTER TABLE public.faculty_faculty OWNER TO eman;

--
-- Name: faculty_faculty_id_seq; Type: SEQUENCE; Schema: public; Owner: eman
--

ALTER TABLE public.faculty_faculty ALTER COLUMN id ADD GENERATED BY DEFAULT AS IDENTITY (
    SEQUENCE NAME public.faculty_faculty_id_seq
    START WITH 1
    INCREMENT BY 1
    NO MINVALUE
    NO MAXVALUE
    CACHE 1
);


--
-- Name: students_attendance; Type: TABLE; Schema: public; Owner: eman
--

CREATE TABLE public.students_attendance (
    id bigint NOT NULL,
    date date NOT NULL,
    status character varying(10) NOT NULL,
    course_id bigint NOT NULL,
    student_id bigint NOT NULL
);


ALTER TABLE public.students_attendance OWNER TO eman;

--
-- Name: students_attendance_id_seq; Type: SEQUENCE; Schema: public; Owner: eman
--

ALTER TABLE public.students_attendance ALTER COLUMN id ADD GENERATED BY DEFAULT AS IDENTITY (
    SEQUENCE NAME public.students_attendance_id_seq
    START WITH 1
    INCREMENT BY 1
    NO MINVALUE
    NO MAXVALUE
    CACHE 1
);


--
-- Name: students_enrollment; Type: TABLE; Schema: public; Owner: eman
--

CREATE TABLE public.students_enrollment (
    id bigint NOT NULL,
    enrolled_on date NOT NULL,
    course_id bigint NOT NULL,
    student_id bigint NOT NULL
);


ALTER TABLE public.students_enrollment OWNER TO eman;

--
-- Name: students_enrollment_id_seq; Type: SEQUENCE; Schema: public; Owner: eman
--

ALTER TABLE public.students_enrollment ALTER COLUMN id ADD GENERATED BY DEFAULT AS IDENTITY (
    SEQUENCE NAME public.students_enrollment_id_seq
    START WITH 1
    INCREMENT BY 1
    NO MINVALUE
    NO MAXVALUE
    CACHE 1
);


--
-- Name: students_grade; Type: TABLE; Schema: public; Owner: eman
--

CREATE TABLE public.students_grade (
    id bigint NOT NULL,
    grade double precision NOT NULL,
    course_id bigint NOT NULL,
    student_id bigint NOT NULL
);


ALTER TABLE public.students_grade OWNER TO eman;

--
-- Name: students_grade_id_seq; Type: SEQUENCE; Schema: public; Owner: eman
--

ALTER TABLE public.students_grade ALTER COLUMN id ADD GENERATED BY DEFAULT AS IDENTITY (
    SEQUENCE NAME public.students_grade_id_seq
    START WITH 1
    INCREMENT BY 1
    NO MINVALUE
    NO MAXVALUE
    CACHE 1
);


--
-- Name: students_student; Type: TABLE; Schema: public; Owner: eman
--

CREATE TABLE public.students_student (
    id bigint NOT NULL,
    enrollment_date date NOT NULL,
    department_id bigint,
    program_id bigint,
    user_id bigint NOT NULL
);


ALTER TABLE public.students_student OWNER TO eman;

--
-- Name: students_student_id_seq; Type: SEQUENCE; Schema: public; Owner: eman
--

ALTER TABLE public.students_student ALTER COLUMN id ADD GENERATED BY DEFAULT AS IDENTITY (
    SEQUENCE NAME public.students_student_id_seq
    START WITH 1
    INCREMENT BY 1
    NO MINVALUE
    NO MAXVALUE
    CACHE 1
);


--
-- Name: students_withdrawal; Type: TABLE; Schema: public; Owner: eman
--

CREATE TABLE public.students_withdrawal (
    id bigint NOT NULL,
    reason text NOT NULL,
    date date NOT NULL,
    course_id bigint NOT NULL,
    student_id bigint NOT NULL
);


ALTER TABLE public.students_withdrawal OWNER TO eman;

--
-- Name: students_withdrawal_id_seq; Type: SEQUENCE; Schema: public; Owner: eman
--

ALTER TABLE public.students_withdrawal ALTER COLUMN id ADD GENERATED BY DEFAULT AS IDENTITY (
    SEQUENCE NAME public.students_withdrawal_id_seq
    START WITH 1
    INCREMENT BY 1
    NO MINVALUE
    NO MAXVALUE
    CACHE 1
);


--
-- Data for Name: academics_course; Type: TABLE DATA; Schema: public; Owner: eman
--

COPY public.academics_course (id, name, code, faculty_id, program_id) FROM stdin;
1	Data Structures	CS101	1	1
2	OOP	CS102	2	1
3	DBMS	CS103	3	2
4	Networks	CS104	4	2
5	Web Dev	IT101	5	3
6	E-Commerce	IT102	6	3
7	Cloud	IT103	7	4
8	Security	IT104	8	4
9	ML	DS101	9	5
10	Data Mining	DS102	10	5
11	AI	DS103	11	6
12	Big Data	DS104	12	6
13	SE Concepts	SE101	13	7
14	Software Testing	SE102	14	7
15	Agile	SE103	9	8
16	Project Mgmt	SE104	1	8
17	Python	GEN101	2	1
18	Linux	GEN102	3	2
19	IoT	GEN103	4	3
20	Mobile Apps	GEN104	5	4
\.


--
-- Data for Name: academics_department; Type: TABLE DATA; Schema: public; Owner: eman
--

COPY public.academics_department (id, name) FROM stdin;
1	Computer Science
2	Information Technology
3	Data Science
4	Software Engineering
\.


--
-- Data for Name: academics_program; Type: TABLE DATA; Schema: public; Owner: eman
--

COPY public.academics_program (id, name, department_id) FROM stdin;
1	BSCS	1
2	MSCS	1
3	BSIT	2
4	MSIT	2
5	BSDS	3
6	MSDS	3
7	BSSE	4
8	MSSE	4
9	BSAI	3
10	BSCyber	3
11	BS Info Sec	2
12	BS Computer Engineriing	2
13	kahain gay chawal kanay ki batain	4
14	BS Statistics	3
\.


--
-- Data for Name: academics_timetable; Type: TABLE DATA; Schema: public; Owner: eman
--

COPY public.academics_timetable (id, day, start_time, end_time, course_id) FROM stdin;
1	Monday	10:00:00	11:00:00	1
2	Wednesday	10:00:00	11:00:00	1
3	Friday	12:00:00	15:00:00	1
4	Tuesday	11:00:00	12:00:00	2
5	Thursday	11:00:00	12:00:00	2
6	Monday	09:00:00	10:00:00	3
7	Wednesday	09:00:00	10:00:00	3
8	Friday	14:00:00	17:00:00	3
9	Tuesday	10:00:00	11:00:00	4
10	Thursday	10:00:00	11:00:00	4
11	Monday	12:00:00	13:00:00	5
12	Wednesday	12:00:00	13:00:00	5
13	Friday	13:00:00	16:00:00	5
14	Tuesday	09:00:00	10:00:00	6
15	Thursday	09:00:00	10:00:00	6
16	Wednesday	11:00:00	12:00:00	7
17	Friday	11:00:00	12:00:00	7
18	Saturday	10:00:00	13:00:00	7
19	Monday	14:00:00	15:00:00	8
20	Wednesday	14:00:00	15:00:00	8
21	Tuesday	12:00:00	13:00:00	9
22	Thursday	12:00:00	13:00:00	9
23	Friday	15:00:00	18:00:00	9
24	Monday	08:00:00	09:00:00	10
25	Wednesday	08:00:00	09:00:00	10
26	Tuesday	13:00:00	14:00:00	11
27	Thursday	13:00:00	14:00:00	11
28	Saturday	09:00:00	12:00:00	11
29	Monday	10:00:00	11:00:00	12
30	Wednesday	10:00:00	11:00:00	12
31	Tuesday	14:00:00	15:00:00	13
32	Thursday	14:00:00	15:00:00	13
33	Monday	11:00:00	12:00:00	14
34	Wednesday	11:00:00	12:00:00	14
35	Friday	08:00:00	11:00:00	14
36	Tuesday	08:00:00	09:00:00	15
37	Thursday	08:00:00	09:00:00	15
38	Monday	15:00:00	16:00:00	16
39	Wednesday	15:00:00	16:00:00	16
40	Saturday	13:00:00	16:00:00	16
41	Tuesday	15:00:00	16:00:00	17
42	Thursday	15:00:00	16:00:00	17
43	Monday	09:00:00	10:00:00	18
44	Wednesday	09:00:00	10:00:00	18
45	Tuesday	10:00:00	11:00:00	19
46	Thursday	10:00:00	11:00:00	19
47	Friday	09:00:00	12:00:00	19
48	Monday	13:00:00	14:00:00	20
49	Wednesday	13:00:00	14:00:00	20
50	Monday	10:00:00	11:00:00	1
51	Wednesday	10:00:00	11:00:00	1
52	Friday	12:00:00	15:00:00	1
53	Tuesday	11:00:00	12:00:00	2
54	Thursday	11:00:00	12:00:00	2
55	Monday	10:00:00	11:00:00	1
56	Wednesday	10:00:00	11:00:00	1
57	Friday	12:00:00	15:00:00	1
58	Tuesday	11:00:00	12:00:00	2
59	Thursday	11:00:00	12:00:00	2
60	Monday	09:00:00	10:00:00	3
61	Wednesday	09:00:00	10:00:00	3
62	Friday	14:00:00	17:00:00	3
63	Tuesday	10:00:00	11:00:00	4
64	Thursday	10:00:00	11:00:00	4
65	Monday	12:00:00	13:00:00	5
66	Wednesday	12:00:00	13:00:00	5
67	Friday	13:00:00	16:00:00	5
68	Tuesday	09:00:00	10:00:00	6
69	Thursday	09:00:00	10:00:00	6
70	Wednesday	11:00:00	12:00:00	7
71	Friday	11:00:00	12:00:00	7
72	Saturday	10:00:00	13:00:00	7
73	Monday	14:00:00	15:00:00	8
74	Wednesday	14:00:00	15:00:00	8
75	Tuesday	12:00:00	13:00:00	9
76	Thursday	12:00:00	13:00:00	9
77	Friday	15:00:00	18:00:00	9
78	Monday	08:00:00	09:00:00	10
79	Wednesday	08:00:00	09:00:00	10
80	Tuesday	13:00:00	14:00:00	11
81	Thursday	13:00:00	14:00:00	11
82	Saturday	09:00:00	12:00:00	11
83	Monday	10:00:00	11:00:00	12
84	Wednesday	10:00:00	11:00:00	12
85	Tuesday	14:00:00	15:00:00	13
86	Thursday	14:00:00	15:00:00	13
87	Monday	11:00:00	12:00:00	14
88	Wednesday	11:00:00	12:00:00	14
89	Friday	08:00:00	11:00:00	14
90	Tuesday	08:00:00	09:00:00	15
91	Thursday	08:00:00	09:00:00	15
92	Monday	15:00:00	16:00:00	16
93	Wednesday	15:00:00	16:00:00	16
94	Saturday	13:00:00	16:00:00	16
95	Tuesday	15:00:00	16:00:00	17
96	Thursday	15:00:00	16:00:00	17
97	Monday	09:00:00	10:00:00	18
98	Wednesday	09:00:00	10:00:00	18
99	Tuesday	10:00:00	11:00:00	19
100	Thursday	10:00:00	11:00:00	19
101	Friday	09:00:00	12:00:00	19
102	Monday	13:00:00	14:00:00	20
103	Wednesday	13:00:00	14:00:00	20
104	Monday	10:00:00	11:00:00	1
105	Wednesday	10:00:00	11:00:00	1
106	Friday	12:00:00	15:00:00	1
107	Tuesday	11:00:00	12:00:00	2
108	Thursday	11:00:00	12:00:00	2
109	Monday	09:00:00	10:00:00	3
110	Wednesday	09:00:00	10:00:00	3
111	Friday	14:00:00	17:00:00	3
112	Tuesday	10:00:00	11:00:00	4
113	Thursday	10:00:00	11:00:00	4
114	Monday	12:00:00	13:00:00	5
115	Wednesday	12:00:00	13:00:00	5
116	Friday	13:00:00	16:00:00	5
117	Tuesday	09:00:00	10:00:00	6
118	Thursday	09:00:00	10:00:00	6
119	Wednesday	11:00:00	12:00:00	7
120	Friday	11:00:00	12:00:00	7
121	Saturday	10:00:00	13:00:00	7
122	Monday	14:00:00	15:00:00	8
123	Wednesday	14:00:00	15:00:00	8
124	Tuesday	12:00:00	13:00:00	9
125	Thursday	12:00:00	13:00:00	9
126	Friday	15:00:00	18:00:00	9
127	Monday	08:00:00	09:00:00	10
128	Wednesday	08:00:00	09:00:00	10
129	Tuesday	13:00:00	14:00:00	11
130	Thursday	13:00:00	14:00:00	11
131	Saturday	09:00:00	12:00:00	11
132	Monday	10:00:00	11:00:00	12
133	Wednesday	10:00:00	11:00:00	12
134	Tuesday	14:00:00	15:00:00	13
135	Thursday	14:00:00	15:00:00	13
136	Monday	11:00:00	12:00:00	14
137	Wednesday	11:00:00	12:00:00	14
138	Friday	08:00:00	11:00:00	14
139	Tuesday	08:00:00	09:00:00	15
140	Thursday	08:00:00	09:00:00	15
141	Monday	15:00:00	16:00:00	16
142	Wednesday	15:00:00	16:00:00	16
143	Saturday	13:00:00	16:00:00	16
144	Tuesday	15:00:00	16:00:00	17
145	Thursday	15:00:00	16:00:00	17
146	Monday	09:00:00	10:00:00	18
147	Wednesday	09:00:00	10:00:00	18
148	Tuesday	10:00:00	11:00:00	19
149	Thursday	10:00:00	11:00:00	19
150	Friday	09:00:00	12:00:00	19
151	Monday	13:00:00	14:00:00	20
152	Wednesday	13:00:00	14:00:00	20
153	Monday	10:00:00	11:00:00	1
154	Wednesday	10:00:00	11:00:00	1
155	Friday	12:00:00	15:00:00	1
156	Tuesday	11:00:00	12:00:00	2
157	Thursday	11:00:00	12:00:00	2
158	Monday	09:00:00	10:00:00	3
159	Wednesday	09:00:00	10:00:00	3
160	Friday	14:00:00	17:00:00	3
161	Tuesday	10:00:00	11:00:00	4
162	Thursday	10:00:00	11:00:00	4
163	Monday	12:00:00	13:00:00	5
164	Wednesday	12:00:00	13:00:00	5
165	Friday	13:00:00	16:00:00	5
166	Tuesday	09:00:00	10:00:00	6
167	Thursday	09:00:00	10:00:00	6
168	Wednesday	11:00:00	12:00:00	7
169	Friday	11:00:00	12:00:00	7
170	Saturday	10:00:00	13:00:00	7
171	Monday	14:00:00	15:00:00	8
172	Wednesday	14:00:00	15:00:00	8
173	Tuesday	12:00:00	13:00:00	9
174	Thursday	12:00:00	13:00:00	9
175	Friday	15:00:00	18:00:00	9
176	Monday	08:00:00	09:00:00	10
177	Wednesday	08:00:00	09:00:00	10
178	Tuesday	13:00:00	14:00:00	11
179	Thursday	13:00:00	14:00:00	11
180	Saturday	09:00:00	12:00:00	11
181	Monday	10:00:00	11:00:00	12
182	Wednesday	10:00:00	11:00:00	12
183	Tuesday	14:00:00	15:00:00	13
184	Thursday	14:00:00	15:00:00	13
185	Monday	11:00:00	12:00:00	14
186	Wednesday	11:00:00	12:00:00	14
187	Friday	08:00:00	11:00:00	14
188	Tuesday	08:00:00	09:00:00	15
189	Thursday	08:00:00	09:00:00	15
190	Monday	15:00:00	16:00:00	16
191	Wednesday	15:00:00	16:00:00	16
192	Saturday	13:00:00	16:00:00	16
193	Tuesday	15:00:00	16:00:00	17
194	Thursday	15:00:00	16:00:00	17
195	Monday	09:00:00	10:00:00	18
196	Wednesday	09:00:00	10:00:00	18
197	Tuesday	10:00:00	11:00:00	19
198	Thursday	10:00:00	11:00:00	19
199	Friday	09:00:00	12:00:00	19
200	Monday	13:00:00	14:00:00	20
201	Wednesday	13:00:00	14:00:00	20
202	Monday	10:00:00	11:00:00	1
203	Wednesday	10:00:00	11:00:00	1
204	Friday	12:00:00	15:00:00	1
205	Tuesday	11:00:00	12:00:00	2
206	Thursday	11:00:00	12:00:00	2
207	Monday	09:00:00	10:00:00	3
208	Wednesday	09:00:00	10:00:00	3
209	Friday	14:00:00	17:00:00	3
210	Tuesday	10:00:00	11:00:00	4
211	Thursday	10:00:00	11:00:00	4
212	Monday	12:00:00	13:00:00	5
213	Wednesday	12:00:00	13:00:00	5
214	Friday	13:00:00	16:00:00	5
215	Tuesday	09:00:00	10:00:00	6
216	Thursday	09:00:00	10:00:00	6
217	Wednesday	11:00:00	12:00:00	7
218	Friday	11:00:00	12:00:00	7
219	Saturday	10:00:00	13:00:00	7
220	Monday	14:00:00	15:00:00	8
221	Wednesday	14:00:00	15:00:00	8
222	Tuesday	12:00:00	13:00:00	9
223	Thursday	12:00:00	13:00:00	9
224	Friday	15:00:00	18:00:00	9
225	Monday	08:00:00	09:00:00	10
226	Wednesday	08:00:00	09:00:00	10
227	Tuesday	13:00:00	14:00:00	11
228	Thursday	13:00:00	14:00:00	11
229	Saturday	09:00:00	12:00:00	11
230	Monday	10:00:00	11:00:00	12
231	Wednesday	10:00:00	11:00:00	12
232	Tuesday	14:00:00	15:00:00	13
233	Thursday	14:00:00	15:00:00	13
234	Monday	11:00:00	12:00:00	14
235	Wednesday	11:00:00	12:00:00	14
236	Friday	08:00:00	11:00:00	14
237	Tuesday	08:00:00	09:00:00	15
238	Thursday	08:00:00	09:00:00	15
239	Monday	15:00:00	16:00:00	16
240	Wednesday	15:00:00	16:00:00	16
241	Saturday	13:00:00	16:00:00	16
242	Tuesday	15:00:00	16:00:00	17
243	Thursday	15:00:00	16:00:00	17
244	Monday	09:00:00	10:00:00	18
245	Wednesday	09:00:00	10:00:00	18
246	Tuesday	10:00:00	11:00:00	19
247	Thursday	10:00:00	11:00:00	19
248	Friday	09:00:00	12:00:00	19
249	Monday	13:00:00	14:00:00	20
250	Wednesday	13:00:00	14:00:00	20
251	Monday	10:00:00	11:00:00	1
252	Wednesday	10:00:00	11:00:00	1
253	Friday	12:00:00	15:00:00	1
254	Tuesday	11:00:00	12:00:00	2
255	Thursday	11:00:00	12:00:00	2
256	Monday	09:00:00	10:00:00	3
257	Wednesday	09:00:00	10:00:00	3
258	Friday	14:00:00	17:00:00	3
259	Tuesday	10:00:00	11:00:00	4
260	Thursday	10:00:00	11:00:00	4
261	Monday	12:00:00	13:00:00	5
262	Wednesday	12:00:00	13:00:00	5
263	Friday	13:00:00	16:00:00	5
264	Tuesday	09:00:00	10:00:00	6
265	Thursday	09:00:00	10:00:00	6
266	Wednesday	11:00:00	12:00:00	7
267	Friday	11:00:00	12:00:00	7
268	Saturday	10:00:00	13:00:00	7
269	Monday	14:00:00	15:00:00	8
270	Wednesday	14:00:00	15:00:00	8
271	Tuesday	12:00:00	13:00:00	9
272	Thursday	12:00:00	13:00:00	9
273	Friday	15:00:00	18:00:00	9
274	Monday	08:00:00	09:00:00	10
275	Wednesday	08:00:00	09:00:00	10
276	Tuesday	13:00:00	14:00:00	11
277	Thursday	13:00:00	14:00:00	11
278	Saturday	09:00:00	12:00:00	11
279	Monday	10:00:00	11:00:00	12
280	Wednesday	10:00:00	11:00:00	12
281	Tuesday	14:00:00	15:00:00	13
282	Thursday	14:00:00	15:00:00	13
283	Monday	11:00:00	12:00:00	14
284	Wednesday	11:00:00	12:00:00	14
285	Friday	08:00:00	11:00:00	14
286	Tuesday	08:00:00	09:00:00	15
287	Thursday	08:00:00	09:00:00	15
288	Monday	15:00:00	16:00:00	16
289	Wednesday	15:00:00	16:00:00	16
290	Saturday	13:00:00	16:00:00	16
291	Tuesday	15:00:00	16:00:00	17
292	Thursday	15:00:00	16:00:00	17
293	Monday	09:00:00	10:00:00	18
294	Wednesday	09:00:00	10:00:00	18
295	Tuesday	10:00:00	11:00:00	19
296	Thursday	10:00:00	11:00:00	19
297	Friday	09:00:00	12:00:00	19
298	Monday	13:00:00	14:00:00	20
299	Wednesday	13:00:00	14:00:00	20
300	Monday	10:00:00	11:00:00	1
301	Wednesday	10:00:00	11:00:00	1
302	Friday	12:00:00	15:00:00	1
303	Tuesday	11:00:00	12:00:00	2
304	Thursday	11:00:00	12:00:00	2
305	Monday	09:00:00	10:00:00	3
306	Wednesday	09:00:00	10:00:00	3
307	Friday	14:00:00	17:00:00	3
308	Tuesday	10:00:00	11:00:00	4
309	Thursday	10:00:00	11:00:00	4
310	Monday	12:00:00	13:00:00	5
311	Wednesday	12:00:00	13:00:00	5
312	Friday	13:00:00	16:00:00	5
313	Tuesday	09:00:00	10:00:00	6
314	Thursday	09:00:00	10:00:00	6
315	Wednesday	11:00:00	12:00:00	7
316	Friday	11:00:00	12:00:00	7
317	Saturday	10:00:00	13:00:00	7
318	Monday	14:00:00	15:00:00	8
319	Wednesday	14:00:00	15:00:00	8
320	Tuesday	12:00:00	13:00:00	9
321	Thursday	12:00:00	13:00:00	9
322	Friday	15:00:00	18:00:00	9
323	Monday	08:00:00	09:00:00	10
324	Wednesday	08:00:00	09:00:00	10
325	Tuesday	13:00:00	14:00:00	11
326	Thursday	13:00:00	14:00:00	11
327	Saturday	09:00:00	12:00:00	11
328	Monday	10:00:00	11:00:00	12
329	Wednesday	10:00:00	11:00:00	12
330	Tuesday	14:00:00	15:00:00	13
331	Thursday	14:00:00	15:00:00	13
332	Monday	11:00:00	12:00:00	14
333	Wednesday	11:00:00	12:00:00	14
334	Friday	08:00:00	11:00:00	14
335	Tuesday	08:00:00	09:00:00	15
336	Thursday	08:00:00	09:00:00	15
337	Monday	15:00:00	16:00:00	16
338	Wednesday	15:00:00	16:00:00	16
339	Saturday	13:00:00	16:00:00	16
340	Tuesday	15:00:00	16:00:00	17
341	Thursday	15:00:00	16:00:00	17
342	Monday	09:00:00	10:00:00	18
343	Wednesday	09:00:00	10:00:00	18
344	Tuesday	10:00:00	11:00:00	19
345	Thursday	10:00:00	11:00:00	19
346	Friday	09:00:00	12:00:00	19
347	Monday	13:00:00	14:00:00	20
348	Wednesday	13:00:00	14:00:00	20
349	Monday	10:00:00	11:00:00	1
350	Wednesday	10:00:00	11:00:00	1
351	Friday	12:00:00	15:00:00	1
352	Tuesday	11:00:00	12:00:00	2
353	Thursday	11:00:00	12:00:00	2
354	Monday	09:00:00	10:00:00	3
355	Wednesday	09:00:00	10:00:00	3
356	Friday	14:00:00	17:00:00	3
357	Tuesday	10:00:00	11:00:00	4
358	Thursday	10:00:00	11:00:00	4
359	Monday	12:00:00	13:00:00	5
360	Wednesday	12:00:00	13:00:00	5
361	Friday	13:00:00	16:00:00	5
362	Tuesday	09:00:00	10:00:00	6
363	Thursday	09:00:00	10:00:00	6
364	Wednesday	11:00:00	12:00:00	7
365	Friday	11:00:00	12:00:00	7
366	Saturday	10:00:00	13:00:00	7
367	Monday	14:00:00	15:00:00	8
368	Wednesday	14:00:00	15:00:00	8
369	Tuesday	12:00:00	13:00:00	9
370	Thursday	12:00:00	13:00:00	9
371	Friday	15:00:00	18:00:00	9
372	Monday	08:00:00	09:00:00	10
373	Wednesday	08:00:00	09:00:00	10
374	Tuesday	13:00:00	14:00:00	11
375	Thursday	13:00:00	14:00:00	11
376	Saturday	09:00:00	12:00:00	11
377	Monday	10:00:00	11:00:00	12
378	Wednesday	10:00:00	11:00:00	12
379	Tuesday	14:00:00	15:00:00	13
380	Thursday	14:00:00	15:00:00	13
381	Monday	11:00:00	12:00:00	14
382	Wednesday	11:00:00	12:00:00	14
383	Friday	08:00:00	11:00:00	14
384	Tuesday	08:00:00	09:00:00	15
385	Thursday	08:00:00	09:00:00	15
386	Monday	15:00:00	16:00:00	16
387	Wednesday	15:00:00	16:00:00	16
388	Saturday	13:00:00	16:00:00	16
389	Tuesday	15:00:00	16:00:00	17
390	Thursday	15:00:00	16:00:00	17
391	Monday	09:00:00	10:00:00	18
392	Wednesday	09:00:00	10:00:00	18
393	Tuesday	10:00:00	11:00:00	19
394	Thursday	10:00:00	11:00:00	19
395	Friday	09:00:00	12:00:00	19
396	Monday	13:00:00	14:00:00	20
397	Wednesday	13:00:00	14:00:00	20
398	Monday	10:00:00	11:00:00	1
399	Wednesday	10:00:00	11:00:00	1
400	Friday	12:00:00	15:00:00	1
401	Tuesday	11:00:00	12:00:00	2
402	Thursday	11:00:00	12:00:00	2
403	Monday	09:00:00	10:00:00	3
404	Wednesday	09:00:00	10:00:00	3
405	Friday	14:00:00	17:00:00	3
406	Tuesday	10:00:00	11:00:00	4
407	Thursday	10:00:00	11:00:00	4
408	Monday	12:00:00	13:00:00	5
409	Wednesday	12:00:00	13:00:00	5
410	Friday	13:00:00	16:00:00	5
411	Tuesday	09:00:00	10:00:00	6
412	Thursday	09:00:00	10:00:00	6
413	Wednesday	11:00:00	12:00:00	7
414	Friday	11:00:00	12:00:00	7
415	Saturday	10:00:00	13:00:00	7
416	Monday	14:00:00	15:00:00	8
417	Wednesday	14:00:00	15:00:00	8
418	Tuesday	12:00:00	13:00:00	9
419	Thursday	12:00:00	13:00:00	9
420	Friday	15:00:00	18:00:00	9
421	Monday	08:00:00	09:00:00	10
422	Wednesday	08:00:00	09:00:00	10
423	Tuesday	13:00:00	14:00:00	11
424	Thursday	13:00:00	14:00:00	11
425	Saturday	09:00:00	12:00:00	11
426	Monday	10:00:00	11:00:00	12
427	Wednesday	10:00:00	11:00:00	12
428	Tuesday	14:00:00	15:00:00	13
429	Thursday	14:00:00	15:00:00	13
430	Monday	11:00:00	12:00:00	14
431	Wednesday	11:00:00	12:00:00	14
432	Friday	08:00:00	11:00:00	14
433	Tuesday	08:00:00	09:00:00	15
434	Thursday	08:00:00	09:00:00	15
435	Monday	15:00:00	16:00:00	16
436	Wednesday	15:00:00	16:00:00	16
437	Saturday	13:00:00	16:00:00	16
438	Tuesday	15:00:00	16:00:00	17
439	Thursday	15:00:00	16:00:00	17
440	Monday	09:00:00	10:00:00	18
441	Wednesday	09:00:00	10:00:00	18
442	Tuesday	10:00:00	11:00:00	19
443	Thursday	10:00:00	11:00:00	19
444	Friday	09:00:00	12:00:00	19
445	Monday	13:00:00	14:00:00	20
446	Wednesday	13:00:00	14:00:00	20
447	Monday	10:00:00	11:00:00	1
448	Wednesday	10:00:00	11:00:00	1
449	Friday	12:00:00	15:00:00	1
450	Tuesday	11:00:00	12:00:00	2
451	Thursday	11:00:00	12:00:00	2
452	Monday	09:00:00	10:00:00	3
453	Wednesday	09:00:00	10:00:00	3
454	Friday	14:00:00	17:00:00	3
455	Tuesday	10:00:00	11:00:00	4
456	Thursday	10:00:00	11:00:00	4
457	Monday	12:00:00	13:00:00	5
458	Wednesday	12:00:00	13:00:00	5
459	Friday	13:00:00	16:00:00	5
460	Tuesday	09:00:00	10:00:00	6
461	Thursday	09:00:00	10:00:00	6
462	Wednesday	11:00:00	12:00:00	7
463	Friday	11:00:00	12:00:00	7
464	Saturday	10:00:00	13:00:00	7
465	Monday	14:00:00	15:00:00	8
466	Wednesday	14:00:00	15:00:00	8
467	Tuesday	12:00:00	13:00:00	9
468	Thursday	12:00:00	13:00:00	9
469	Friday	15:00:00	18:00:00	9
470	Monday	08:00:00	09:00:00	10
471	Wednesday	08:00:00	09:00:00	10
472	Tuesday	13:00:00	14:00:00	11
473	Thursday	13:00:00	14:00:00	11
474	Saturday	09:00:00	12:00:00	11
475	Monday	10:00:00	11:00:00	12
476	Wednesday	10:00:00	11:00:00	12
477	Tuesday	14:00:00	15:00:00	13
478	Thursday	14:00:00	15:00:00	13
479	Monday	11:00:00	12:00:00	14
480	Wednesday	11:00:00	12:00:00	14
481	Friday	08:00:00	11:00:00	14
482	Tuesday	08:00:00	09:00:00	15
483	Thursday	08:00:00	09:00:00	15
484	Monday	15:00:00	16:00:00	16
485	Wednesday	15:00:00	16:00:00	16
486	Saturday	13:00:00	16:00:00	16
487	Tuesday	15:00:00	16:00:00	17
488	Thursday	15:00:00	16:00:00	17
489	Monday	09:00:00	10:00:00	18
490	Wednesday	09:00:00	10:00:00	18
491	Tuesday	10:00:00	11:00:00	19
492	Thursday	10:00:00	11:00:00	19
493	Friday	09:00:00	12:00:00	19
494	Monday	13:00:00	14:00:00	20
495	Wednesday	13:00:00	14:00:00	20
496	Monday	10:00:00	11:00:00	1
497	Wednesday	10:00:00	11:00:00	1
498	Friday	12:00:00	15:00:00	1
499	Tuesday	11:00:00	12:00:00	2
500	Thursday	11:00:00	12:00:00	2
501	Monday	09:00:00	10:00:00	3
502	Wednesday	09:00:00	10:00:00	3
503	Friday	14:00:00	17:00:00	3
504	Tuesday	10:00:00	11:00:00	4
505	Thursday	10:00:00	11:00:00	4
506	Monday	12:00:00	13:00:00	5
507	Wednesday	12:00:00	13:00:00	5
508	Friday	13:00:00	16:00:00	5
509	Tuesday	09:00:00	10:00:00	6
510	Thursday	09:00:00	10:00:00	6
511	Wednesday	11:00:00	12:00:00	7
512	Friday	11:00:00	12:00:00	7
513	Saturday	10:00:00	13:00:00	7
514	Monday	14:00:00	15:00:00	8
515	Wednesday	14:00:00	15:00:00	8
516	Tuesday	12:00:00	13:00:00	9
517	Thursday	12:00:00	13:00:00	9
518	Friday	15:00:00	18:00:00	9
519	Monday	08:00:00	09:00:00	10
520	Wednesday	08:00:00	09:00:00	10
521	Tuesday	13:00:00	14:00:00	11
522	Thursday	13:00:00	14:00:00	11
523	Saturday	09:00:00	12:00:00	11
524	Monday	10:00:00	11:00:00	12
525	Wednesday	10:00:00	11:00:00	12
526	Tuesday	14:00:00	15:00:00	13
527	Thursday	14:00:00	15:00:00	13
528	Monday	11:00:00	12:00:00	14
529	Wednesday	11:00:00	12:00:00	14
530	Friday	08:00:00	11:00:00	14
531	Tuesday	08:00:00	09:00:00	15
532	Thursday	08:00:00	09:00:00	15
533	Monday	15:00:00	16:00:00	16
534	Wednesday	15:00:00	16:00:00	16
535	Saturday	13:00:00	16:00:00	16
536	Tuesday	15:00:00	16:00:00	17
537	Thursday	15:00:00	16:00:00	17
538	Monday	09:00:00	10:00:00	18
539	Wednesday	09:00:00	10:00:00	18
540	Tuesday	10:00:00	11:00:00	19
541	Thursday	10:00:00	11:00:00	19
542	Friday	09:00:00	12:00:00	19
543	Monday	13:00:00	14:00:00	20
544	Wednesday	13:00:00	14:00:00	20
545	Monday	10:00:00	11:00:00	1
546	Wednesday	10:00:00	11:00:00	1
547	Friday	12:00:00	15:00:00	1
548	Tuesday	11:00:00	12:00:00	2
549	Thursday	11:00:00	12:00:00	2
550	Monday	09:00:00	10:00:00	3
551	Wednesday	09:00:00	10:00:00	3
552	Friday	14:00:00	17:00:00	3
553	Tuesday	10:00:00	11:00:00	4
554	Thursday	10:00:00	11:00:00	4
555	Monday	12:00:00	13:00:00	5
556	Wednesday	12:00:00	13:00:00	5
557	Friday	13:00:00	16:00:00	5
558	Tuesday	09:00:00	10:00:00	6
559	Thursday	09:00:00	10:00:00	6
560	Wednesday	11:00:00	12:00:00	7
561	Friday	11:00:00	12:00:00	7
562	Saturday	10:00:00	13:00:00	7
563	Monday	14:00:00	15:00:00	8
564	Wednesday	14:00:00	15:00:00	8
565	Tuesday	12:00:00	13:00:00	9
566	Thursday	12:00:00	13:00:00	9
567	Friday	15:00:00	18:00:00	9
568	Monday	08:00:00	09:00:00	10
569	Wednesday	08:00:00	09:00:00	10
570	Tuesday	13:00:00	14:00:00	11
571	Thursday	13:00:00	14:00:00	11
572	Saturday	09:00:00	12:00:00	11
573	Monday	10:00:00	11:00:00	12
574	Wednesday	10:00:00	11:00:00	12
575	Tuesday	14:00:00	15:00:00	13
576	Thursday	14:00:00	15:00:00	13
577	Monday	11:00:00	12:00:00	14
578	Wednesday	11:00:00	12:00:00	14
579	Friday	08:00:00	11:00:00	14
580	Tuesday	08:00:00	09:00:00	15
581	Thursday	08:00:00	09:00:00	15
582	Monday	15:00:00	16:00:00	16
583	Wednesday	15:00:00	16:00:00	16
584	Saturday	13:00:00	16:00:00	16
585	Tuesday	15:00:00	16:00:00	17
586	Thursday	15:00:00	16:00:00	17
587	Monday	09:00:00	10:00:00	18
588	Wednesday	09:00:00	10:00:00	18
589	Tuesday	10:00:00	11:00:00	19
590	Thursday	10:00:00	11:00:00	19
591	Friday	09:00:00	12:00:00	19
592	Monday	13:00:00	14:00:00	20
593	Wednesday	13:00:00	14:00:00	20
594	Monday	10:00:00	11:00:00	1
595	Wednesday	10:00:00	11:00:00	1
596	Friday	12:00:00	15:00:00	1
597	Tuesday	11:00:00	12:00:00	2
598	Thursday	11:00:00	12:00:00	2
599	Monday	09:00:00	10:00:00	3
600	Wednesday	09:00:00	10:00:00	3
601	Friday	14:00:00	17:00:00	3
602	Tuesday	10:00:00	11:00:00	4
603	Thursday	10:00:00	11:00:00	4
604	Monday	12:00:00	13:00:00	5
605	Wednesday	12:00:00	13:00:00	5
606	Friday	13:00:00	16:00:00	5
607	Tuesday	09:00:00	10:00:00	6
608	Thursday	09:00:00	10:00:00	6
609	Wednesday	11:00:00	12:00:00	7
610	Friday	11:00:00	12:00:00	7
611	Saturday	10:00:00	13:00:00	7
612	Monday	14:00:00	15:00:00	8
613	Wednesday	14:00:00	15:00:00	8
614	Tuesday	12:00:00	13:00:00	9
615	Thursday	12:00:00	13:00:00	9
616	Friday	15:00:00	18:00:00	9
617	Monday	08:00:00	09:00:00	10
618	Wednesday	08:00:00	09:00:00	10
619	Tuesday	13:00:00	14:00:00	11
620	Thursday	13:00:00	14:00:00	11
621	Saturday	09:00:00	12:00:00	11
622	Monday	10:00:00	11:00:00	12
623	Wednesday	10:00:00	11:00:00	12
624	Tuesday	14:00:00	15:00:00	13
625	Thursday	14:00:00	15:00:00	13
626	Monday	11:00:00	12:00:00	14
627	Wednesday	11:00:00	12:00:00	14
628	Friday	08:00:00	11:00:00	14
629	Tuesday	08:00:00	09:00:00	15
630	Thursday	08:00:00	09:00:00	15
631	Monday	15:00:00	16:00:00	16
632	Wednesday	15:00:00	16:00:00	16
633	Saturday	13:00:00	16:00:00	16
634	Tuesday	15:00:00	16:00:00	17
635	Thursday	15:00:00	16:00:00	17
636	Monday	09:00:00	10:00:00	18
637	Wednesday	09:00:00	10:00:00	18
638	Tuesday	10:00:00	11:00:00	19
639	Thursday	10:00:00	11:00:00	19
640	Friday	09:00:00	12:00:00	19
641	Monday	13:00:00	14:00:00	20
642	Wednesday	13:00:00	14:00:00	20
643	Monday	10:00:00	11:00:00	1
644	Wednesday	10:00:00	11:00:00	1
645	Friday	12:00:00	15:00:00	1
646	Tuesday	11:00:00	12:00:00	2
647	Thursday	11:00:00	12:00:00	2
648	Monday	09:00:00	10:00:00	3
649	Wednesday	09:00:00	10:00:00	3
650	Friday	14:00:00	17:00:00	3
651	Tuesday	10:00:00	11:00:00	4
652	Thursday	10:00:00	11:00:00	4
653	Monday	12:00:00	13:00:00	5
654	Wednesday	12:00:00	13:00:00	5
655	Friday	13:00:00	16:00:00	5
656	Tuesday	09:00:00	10:00:00	6
657	Thursday	09:00:00	10:00:00	6
658	Wednesday	11:00:00	12:00:00	7
659	Friday	11:00:00	12:00:00	7
660	Saturday	10:00:00	13:00:00	7
661	Monday	14:00:00	15:00:00	8
662	Wednesday	14:00:00	15:00:00	8
663	Tuesday	12:00:00	13:00:00	9
664	Thursday	12:00:00	13:00:00	9
665	Friday	15:00:00	18:00:00	9
666	Monday	08:00:00	09:00:00	10
667	Wednesday	08:00:00	09:00:00	10
668	Tuesday	13:00:00	14:00:00	11
669	Thursday	13:00:00	14:00:00	11
670	Saturday	09:00:00	12:00:00	11
671	Monday	10:00:00	11:00:00	12
672	Wednesday	10:00:00	11:00:00	12
673	Tuesday	14:00:00	15:00:00	13
674	Thursday	14:00:00	15:00:00	13
675	Monday	11:00:00	12:00:00	14
676	Wednesday	11:00:00	12:00:00	14
677	Friday	08:00:00	11:00:00	14
678	Tuesday	08:00:00	09:00:00	15
679	Thursday	08:00:00	09:00:00	15
680	Monday	15:00:00	16:00:00	16
681	Wednesday	15:00:00	16:00:00	16
682	Saturday	13:00:00	16:00:00	16
683	Tuesday	15:00:00	16:00:00	17
684	Thursday	15:00:00	16:00:00	17
685	Monday	09:00:00	10:00:00	18
686	Wednesday	09:00:00	10:00:00	18
687	Tuesday	10:00:00	11:00:00	19
688	Thursday	10:00:00	11:00:00	19
689	Friday	09:00:00	12:00:00	19
690	Monday	13:00:00	14:00:00	20
691	Wednesday	13:00:00	14:00:00	20
692	Monday	10:00:00	11:00:00	1
693	Wednesday	10:00:00	11:00:00	1
694	Friday	12:00:00	15:00:00	1
695	Tuesday	11:00:00	12:00:00	2
696	Thursday	11:00:00	12:00:00	2
697	Monday	09:00:00	10:00:00	3
698	Wednesday	09:00:00	10:00:00	3
699	Friday	14:00:00	17:00:00	3
700	Tuesday	10:00:00	11:00:00	4
701	Thursday	10:00:00	11:00:00	4
702	Monday	12:00:00	13:00:00	5
703	Wednesday	12:00:00	13:00:00	5
704	Friday	13:00:00	16:00:00	5
705	Tuesday	09:00:00	10:00:00	6
706	Thursday	09:00:00	10:00:00	6
707	Wednesday	11:00:00	12:00:00	7
708	Friday	11:00:00	12:00:00	7
709	Saturday	10:00:00	13:00:00	7
710	Monday	14:00:00	15:00:00	8
711	Wednesday	14:00:00	15:00:00	8
712	Tuesday	12:00:00	13:00:00	9
713	Thursday	12:00:00	13:00:00	9
714	Friday	15:00:00	18:00:00	9
715	Monday	08:00:00	09:00:00	10
716	Wednesday	08:00:00	09:00:00	10
717	Tuesday	13:00:00	14:00:00	11
718	Thursday	13:00:00	14:00:00	11
719	Saturday	09:00:00	12:00:00	11
720	Monday	10:00:00	11:00:00	12
721	Wednesday	10:00:00	11:00:00	12
722	Tuesday	14:00:00	15:00:00	13
723	Thursday	14:00:00	15:00:00	13
724	Monday	11:00:00	12:00:00	14
725	Wednesday	11:00:00	12:00:00	14
726	Friday	08:00:00	11:00:00	14
727	Tuesday	08:00:00	09:00:00	15
728	Thursday	08:00:00	09:00:00	15
729	Monday	15:00:00	16:00:00	16
730	Wednesday	15:00:00	16:00:00	16
731	Saturday	13:00:00	16:00:00	16
732	Tuesday	15:00:00	16:00:00	17
733	Thursday	15:00:00	16:00:00	17
734	Monday	09:00:00	10:00:00	18
735	Wednesday	09:00:00	10:00:00	18
736	Tuesday	10:00:00	11:00:00	19
737	Thursday	10:00:00	11:00:00	19
738	Friday	09:00:00	12:00:00	19
739	Monday	13:00:00	14:00:00	20
740	Wednesday	13:00:00	14:00:00	20
741	Monday	10:00:00	11:00:00	1
742	Wednesday	10:00:00	11:00:00	1
743	Friday	12:00:00	15:00:00	1
744	Tuesday	11:00:00	12:00:00	2
745	Thursday	11:00:00	12:00:00	2
746	Monday	09:00:00	10:00:00	3
747	Wednesday	09:00:00	10:00:00	3
748	Friday	14:00:00	17:00:00	3
749	Tuesday	10:00:00	11:00:00	4
750	Thursday	10:00:00	11:00:00	4
751	Monday	12:00:00	13:00:00	5
752	Wednesday	12:00:00	13:00:00	5
753	Friday	13:00:00	16:00:00	5
754	Tuesday	09:00:00	10:00:00	6
755	Thursday	09:00:00	10:00:00	6
756	Wednesday	11:00:00	12:00:00	7
757	Friday	11:00:00	12:00:00	7
758	Saturday	10:00:00	13:00:00	7
759	Monday	14:00:00	15:00:00	8
760	Wednesday	14:00:00	15:00:00	8
761	Tuesday	12:00:00	13:00:00	9
762	Thursday	12:00:00	13:00:00	9
763	Friday	15:00:00	18:00:00	9
764	Monday	08:00:00	09:00:00	10
765	Wednesday	08:00:00	09:00:00	10
766	Tuesday	13:00:00	14:00:00	11
767	Thursday	13:00:00	14:00:00	11
768	Saturday	09:00:00	12:00:00	11
769	Monday	10:00:00	11:00:00	12
770	Wednesday	10:00:00	11:00:00	12
771	Tuesday	14:00:00	15:00:00	13
772	Thursday	14:00:00	15:00:00	13
773	Monday	11:00:00	12:00:00	14
774	Wednesday	11:00:00	12:00:00	14
775	Friday	08:00:00	11:00:00	14
776	Tuesday	08:00:00	09:00:00	15
777	Thursday	08:00:00	09:00:00	15
778	Monday	15:00:00	16:00:00	16
779	Wednesday	15:00:00	16:00:00	16
780	Saturday	13:00:00	16:00:00	16
781	Tuesday	15:00:00	16:00:00	17
782	Thursday	15:00:00	16:00:00	17
783	Monday	09:00:00	10:00:00	18
784	Wednesday	09:00:00	10:00:00	18
785	Tuesday	10:00:00	11:00:00	19
786	Thursday	10:00:00	11:00:00	19
787	Friday	09:00:00	12:00:00	19
788	Monday	13:00:00	14:00:00	20
789	Wednesday	13:00:00	14:00:00	20
790	Monday	10:00:00	11:00:00	1
791	Wednesday	10:00:00	11:00:00	1
792	Friday	12:00:00	15:00:00	1
793	Tuesday	11:00:00	12:00:00	2
794	Thursday	11:00:00	12:00:00	2
795	Monday	09:00:00	10:00:00	3
796	Wednesday	09:00:00	10:00:00	3
797	Friday	14:00:00	17:00:00	3
798	Tuesday	10:00:00	11:00:00	4
799	Thursday	10:00:00	11:00:00	4
800	Monday	12:00:00	13:00:00	5
801	Wednesday	12:00:00	13:00:00	5
802	Friday	13:00:00	16:00:00	5
803	Tuesday	09:00:00	10:00:00	6
804	Thursday	09:00:00	10:00:00	6
805	Wednesday	11:00:00	12:00:00	7
806	Friday	11:00:00	12:00:00	7
807	Saturday	10:00:00	13:00:00	7
808	Monday	14:00:00	15:00:00	8
809	Wednesday	14:00:00	15:00:00	8
810	Tuesday	12:00:00	13:00:00	9
811	Thursday	12:00:00	13:00:00	9
812	Friday	15:00:00	18:00:00	9
813	Monday	08:00:00	09:00:00	10
814	Wednesday	08:00:00	09:00:00	10
815	Tuesday	13:00:00	14:00:00	11
816	Thursday	13:00:00	14:00:00	11
817	Saturday	09:00:00	12:00:00	11
818	Monday	10:00:00	11:00:00	12
819	Wednesday	10:00:00	11:00:00	12
820	Tuesday	14:00:00	15:00:00	13
821	Thursday	14:00:00	15:00:00	13
822	Monday	11:00:00	12:00:00	14
823	Wednesday	11:00:00	12:00:00	14
824	Friday	08:00:00	11:00:00	14
825	Tuesday	08:00:00	09:00:00	15
826	Thursday	08:00:00	09:00:00	15
827	Monday	15:00:00	16:00:00	16
828	Wednesday	15:00:00	16:00:00	16
829	Saturday	13:00:00	16:00:00	16
830	Tuesday	15:00:00	16:00:00	17
831	Thursday	15:00:00	16:00:00	17
832	Monday	09:00:00	10:00:00	18
833	Wednesday	09:00:00	10:00:00	18
834	Tuesday	10:00:00	11:00:00	19
835	Thursday	10:00:00	11:00:00	19
836	Friday	09:00:00	12:00:00	19
837	Monday	13:00:00	14:00:00	20
838	Wednesday	13:00:00	14:00:00	20
839	Monday	10:00:00	11:00:00	1
840	Wednesday	10:00:00	11:00:00	1
841	Friday	12:00:00	15:00:00	1
842	Tuesday	11:00:00	12:00:00	2
843	Thursday	11:00:00	12:00:00	2
844	Monday	09:00:00	10:00:00	3
845	Wednesday	09:00:00	10:00:00	3
846	Friday	14:00:00	17:00:00	3
847	Tuesday	10:00:00	11:00:00	4
848	Thursday	10:00:00	11:00:00	4
849	Monday	12:00:00	13:00:00	5
850	Wednesday	12:00:00	13:00:00	5
851	Friday	13:00:00	16:00:00	5
852	Tuesday	09:00:00	10:00:00	6
853	Thursday	09:00:00	10:00:00	6
854	Wednesday	11:00:00	12:00:00	7
855	Friday	11:00:00	12:00:00	7
856	Saturday	10:00:00	13:00:00	7
857	Monday	14:00:00	15:00:00	8
858	Wednesday	14:00:00	15:00:00	8
859	Tuesday	12:00:00	13:00:00	9
860	Thursday	12:00:00	13:00:00	9
861	Friday	15:00:00	18:00:00	9
862	Monday	08:00:00	09:00:00	10
863	Wednesday	08:00:00	09:00:00	10
864	Tuesday	13:00:00	14:00:00	11
865	Thursday	13:00:00	14:00:00	11
866	Saturday	09:00:00	12:00:00	11
867	Monday	10:00:00	11:00:00	12
868	Wednesday	10:00:00	11:00:00	12
869	Tuesday	14:00:00	15:00:00	13
870	Thursday	14:00:00	15:00:00	13
871	Monday	11:00:00	12:00:00	14
872	Wednesday	11:00:00	12:00:00	14
873	Friday	08:00:00	11:00:00	14
874	Tuesday	08:00:00	09:00:00	15
875	Thursday	08:00:00	09:00:00	15
876	Monday	15:00:00	16:00:00	16
877	Wednesday	15:00:00	16:00:00	16
878	Saturday	13:00:00	16:00:00	16
879	Tuesday	15:00:00	16:00:00	17
880	Thursday	15:00:00	16:00:00	17
881	Monday	09:00:00	10:00:00	18
882	Wednesday	09:00:00	10:00:00	18
883	Tuesday	10:00:00	11:00:00	19
884	Thursday	10:00:00	11:00:00	19
885	Friday	09:00:00	12:00:00	19
886	Monday	13:00:00	14:00:00	20
887	Wednesday	13:00:00	14:00:00	20
\.


--
-- Data for Name: accounts_customuser; Type: TABLE DATA; Schema: public; Owner: eman
--

COPY public.accounts_customuser (id, password, last_login, is_superuser, username, first_name, last_name, email, is_staff, is_active, date_joined, user_type) FROM stdin;
2	pbkdf2_sha256$1000000$TYgoXBFr3mNd06XNWZDLBB$5fhkDE39LM1gKTlWb1sVwJ8Gk4mgRCJ2U2a1Rp04zN8=	\N	t	a2				t	t	2025-07-30 10:36:10.595139+00	admin
3	pbkdf2_sha256$1000000$4locPPSHjvCCFQ86yXzP6V$Tn8QKvExeDeal3Tvz1fKWdsaOh61FpfIHRvRRQfmXx4=	\N	t	a3				t	t	2025-07-30 10:36:11.654354+00	admin
4	pbkdf2_sha256$1000000$Nu1ENLubNFzV4w5baoMJId$mCDbzqIJ1DI+VWe1TGBqKqlRg/q3vyWP1kfWzL3dP6U=	\N	t	a4				t	t	2025-07-30 10:36:12.743577+00	admin
5	pbkdf2_sha256$1000000$PEnZaIEWBVSJNICf7wivwz$X1TGSgoq4tk7p/kYA59e/aXtVXMGPayOFAlfa0PU+x4=	\N	t	a5				t	t	2025-07-30 10:36:14.232615+00	admin
6	pbkdf2_sha256$1000000$UyucethTnq3qfVQykNKhgl$WEH/AxOqqsf+zDqxwn2MIDxSMoAOcwhv5qphFMPCimA=	\N	f	f1				t	t	2025-07-30 10:36:15.483074+00	faculty
7	pbkdf2_sha256$1000000$QGnRZrtI8eq4D92c3Z6Omo$DE/KtD4+5/CEPqU0rrt2eFEi5VjSuKe9xtZqU3a6jUI=	\N	f	f2				t	t	2025-07-30 10:36:16.744911+00	faculty
8	pbkdf2_sha256$1000000$2bsw1F0WWw8oeUeOZTi7lM$10S3s/+GpYrhPpLLoyg4kmcKCHFfxUJnFa1usXfsbn0=	\N	f	f3				t	t	2025-07-30 10:36:17.822098+00	faculty
9	pbkdf2_sha256$1000000$tFNl5mOSaxgKOxZa0QvE6T$0o5iYin5avW94/ho3OZvLGYRRvvP5FrCHGC+j7kZIVk=	\N	f	f4				t	t	2025-07-30 10:36:18.944327+00	faculty
10	pbkdf2_sha256$1000000$pyOKr8nnSu6y4mlhR7CnoJ$7H5WfDo5Lzuq+N+9AJfI/7Q7APmL3LH7bu0bjh0pZa0=	\N	f	f5				t	t	2025-07-30 10:36:20.054747+00	faculty
11	pbkdf2_sha256$1000000$FtiU5kZaDFmCDXV4Mujq9u$TiM0DTAMVCttKmUvIaJkUnAohexrObuNqw547pAAFpI=	\N	f	f6				t	t	2025-07-30 10:36:21.169243+00	faculty
12	pbkdf2_sha256$1000000$zLaPU5sjon1jg2bkwPzXV8$128DS/Qa4ivqqHCEtLxJwIxKg1MQZ0s9M/LnWygmz7E=	\N	f	f7				t	t	2025-07-30 10:36:22.290943+00	faculty
13	pbkdf2_sha256$1000000$TLy07GceRNpAGbGw0Yd6Vm$KOpD+b3nppFbiE1jYqXH9zb/O8zF0pUFoHB1bSFoU0A=	\N	f	f8				t	t	2025-07-30 10:36:23.414885+00	faculty
14	pbkdf2_sha256$1000000$FUhATBQKcQGjgS9c47TWQW$6tHGdXUpxWyKdgbfH+O1lOLvcAM20qeyN7p64souxO0=	\N	f	f9				t	t	2025-07-30 10:36:24.523552+00	faculty
15	pbkdf2_sha256$1000000$erWYLRhqt3WraHOpR7G3mG$o1CrONmSB8DILEpmdXOtCGH/EDAJLxLdqA15e2cXhmw=	\N	f	f10				t	t	2025-07-30 10:36:25.627855+00	faculty
16	pbkdf2_sha256$1000000$iNe46zrLmKJlnAR0sbxOvD$d+7v3n1Zc4pbz/95Rp5HXNRWK6DuB0YzzZX10kxjObY=	\N	f	f11				t	t	2025-07-30 10:36:26.767628+00	faculty
17	pbkdf2_sha256$1000000$EIyaLPliVOktEVDpiEyTcu$n0W3olG+F4mFwCsQmpn7yEuEVkwXywNvihXe3TI8AcU=	\N	f	f12				t	t	2025-07-30 10:36:27.877854+00	faculty
18	pbkdf2_sha256$1000000$CnpUEIpQ627UvQ6dKnx4h8$CzEfmsYzPkQB8U8+OOI6EoHIwtP9MXZbyCIY+b43l9s=	\N	f	f13				t	t	2025-07-30 10:36:28.969374+00	faculty
19	pbkdf2_sha256$1000000$en4BUxyoPEgFCWp48Z9Miz$qWL+5Z8XbA4AvM8e0yZctwFogox9QJg8OYfHzkQjRZs=	\N	f	f14				t	t	2025-07-30 10:36:30.220689+00	faculty
1	pbkdf2_sha256$1000000$W4HPFM5AykjXFTMna4fXaU$MjUp2324Hl9SkBpODiF8yrddUG1pz6btjnKLNfL/UEM=	2025-07-31 07:11:39.799586+00	t	a1				t	t	2025-07-30 10:36:09.442142+00	admin
21	pbkdf2_sha256$1000000$efiQthsUiEdcnYBTv0HXDs$6K4bXO5ImIy3Q3BOrxNlgakrMzs+u+s5oXNH0tMfzFE=	\N	f	s2				f	t	2025-07-30 10:36:32.463831+00	student
22	pbkdf2_sha256$1000000$k39npUyaAbTOpitLtj496J$U7zz3iW1QnQvvCx6rpnMlV+fqRPnXybuwvhVESQS9T4=	\N	f	s3				f	t	2025-07-30 10:36:33.572266+00	student
23	pbkdf2_sha256$1000000$6z3L1lv1i22Yi2MpNv34wA$o9v/UTEImj3qM5mM+ftraM6n+IuHmFQPcUz227r4BSM=	\N	f	s4				f	t	2025-07-30 10:36:34.70095+00	student
24	pbkdf2_sha256$1000000$CWn4m0taqnBmQyvdrRcw1Z$Kwn8kLmq8Uugnmb3K6OeVPIybtFKoCOFQz9uVOWQQuo=	\N	f	s5				f	t	2025-07-30 10:36:35.797014+00	student
25	pbkdf2_sha256$1000000$jUiPRPbQORCbkIxELfNaNu$A5yeJvPLE3N2vabfczoaO8v2fpizw0gxrcaJ3tAcsFY=	\N	f	s6				f	t	2025-07-30 10:36:36.892147+00	student
26	pbkdf2_sha256$1000000$X4UefpT2NJTKFA3nGFc7sW$CmbYLFzVVRW7iT+0BgwJd/byGk/4XIQvF4m8mCz2Y9o=	\N	f	s7				f	t	2025-07-30 10:36:38.023254+00	student
27	pbkdf2_sha256$1000000$LLQU0pjVpKx2DmqHUNrWW9$civBY+VlbH6KIsnVEMuF0cWC8Jk9vYq8Lm0wF2jvjKk=	\N	f	s8				f	t	2025-07-30 10:36:39.158099+00	student
28	pbkdf2_sha256$1000000$hPbAxBzDiD7hq9cnJU1Izw$Yy0xX9O8DEdEafPLieThqUmG/ezgjmaCOcxS/hgvwnw=	\N	f	s9				f	t	2025-07-30 10:36:40.320062+00	student
29	pbkdf2_sha256$1000000$mnIuxk0WoRZaAIGBbTSO0p$an/Y7ATolNMnLCusoqnKpb9wl5VdHCwYGEwlzHxoy6k=	\N	f	s10				f	t	2025-07-30 10:36:41.396165+00	student
30	pbkdf2_sha256$1000000$k1TUWcKyISfRSRF7zZCOLE$UAUCiT5lYj+/1Vd7sMlAR+Nj+PawBu7Y4y80t5E4LGk=	\N	f	s11				f	t	2025-07-30 10:36:42.527363+00	student
31	pbkdf2_sha256$1000000$UH2KJyCLMwymYBH9nGImpt$xfts+mMgCT/zeTCjwCGNqQG45Gbj1eWfJmIintB21fo=	\N	f	s12				f	t	2025-07-30 10:36:43.649199+00	student
32	pbkdf2_sha256$1000000$v98cgRyOzfIleavJ3TtpzR$7nQxNrl9oouv6xN38C7NrGLjBuuqOsOJXlbXYSAtWmo=	\N	f	s13				f	t	2025-07-30 10:36:44.793561+00	student
33	pbkdf2_sha256$1000000$tGFcPjnwD3ghfilEgrJyV4$iuTeoA8VhiwO2gmVm7nFikIHDF0UxBIHUWPVI5WfYhM=	\N	f	s14				f	t	2025-07-30 10:36:45.884447+00	student
34	pbkdf2_sha256$1000000$ycdoMD1mfmQffq1MTVvrH9$NvwBdpyFKLIa7Vzr0yFU0hS/BkfellicfgTgMY16avQ=	\N	f	s15				f	t	2025-07-30 10:36:46.963213+00	student
35	pbkdf2_sha256$1000000$ztTafy7cDEcW1w498EBwzX$n7+vBrkblY0tYRugFznRgXS0oEhMgqVSWE5nFCjqMpg=	\N	f	s16				f	t	2025-07-30 10:36:48.054833+00	student
36	pbkdf2_sha256$1000000$Gyxm99yNwiZo3vaANeowPd$UskqQwQOJbJUNUrE0SUF6sCq+cKzPExwBYNbCZ1lsBE=	\N	f	s17				f	t	2025-07-30 10:36:49.30943+00	student
37	pbkdf2_sha256$1000000$NQqVZGUMXj7SiHQCzcJfhS$Tzt3UIBM891mOavUs6jUwBRoJKyChHOqM7cjsIZBDVI=	\N	f	s18				f	t	2025-07-30 10:36:50.445553+00	student
38	pbkdf2_sha256$1000000$XcMmqDrzHWYI0BMmRLFezh$jYCZ7JC4WmmZ3fs4SAfVQmjKXszNsTKeoU56SpeTCNs=	\N	f	s19				f	t	2025-07-30 10:36:51.520374+00	student
39	pbkdf2_sha256$1000000$prOjuYgYobSVi7keZaK0Cq$NPCxBI9JPdBJep0VkmJuHnYgDD4Lk4XACYuy3wTXUD8=	\N	f	s20				f	t	2025-07-30 10:36:52.618045+00	student
40	pbkdf2_sha256$1000000$ASkOeb6ZLuhK8H9950fus7$yB1Oq5ALZ+rFf0XhWy2m2GlLmSI4Dkul9xDZVhvMjP0=	\N	f	s21				f	t	2025-07-30 10:36:53.695948+00	student
41	pbkdf2_sha256$1000000$Pw0N8xjPlqVN2GEKFN7OEb$Uk94Ak/IezS+L8LpXQlVKdKnq9WNxQ7h0nBfEnhOu5o=	\N	f	s22				f	t	2025-07-30 10:36:54.800174+00	student
42	pbkdf2_sha256$1000000$tbDOoUAjI0AQLfXUneouYo$oZfx3etHG73+uEmeMWgtKEe89hNIQMmdn0bPNwmkATk=	\N	f	s23				f	t	2025-07-30 10:36:55.899068+00	student
43	pbkdf2_sha256$1000000$MFJJXqxNwnK8SvNkoalLxL$Gmv2qEhU/LcbiF16gJKmSGeISGVrl7dEcPO0aHrwBVc=	\N	f	s24				f	t	2025-07-30 10:36:56.971676+00	student
44	pbkdf2_sha256$1000000$4LBQp24BDmDncvDKgrHdhI$YXMN0WmaAH2m1qVKV7kHu4z8zsNlr8V/LP6s+Wbl52c=	\N	f	s25				f	t	2025-07-30 10:36:58.05987+00	student
45	pbkdf2_sha256$1000000$Qj8HtxxGI7qN7YDJIqD94E$sHvLAQ6Bwv2aQ0n1Ul2n/c8B6Q7Omu0sNKUCqia9LAM=	\N	f	s26				f	t	2025-07-30 10:36:59.155615+00	student
46	pbkdf2_sha256$1000000$vkAzXNhjqQboTdLnF1GYbJ$hNPqL6mtAC/l8DrTVZp6kOCa1huQmNVhMrcjucXZGHw=	\N	f	s27				f	t	2025-07-30 10:37:00.278004+00	student
47	pbkdf2_sha256$1000000$xbevpgz3SCjQ5s6S4O9oW1$O9HNKmeTLxZBE9zaGBTfVfiaTQfaNkX3Lcjnrq/buAQ=	\N	f	s28				f	t	2025-07-30 10:37:01.369554+00	student
48	pbkdf2_sha256$1000000$7PyC8OAXvSI7DIWv0bthwS$0PAtrwThrK8Ui3Ndb55qdjSN2BdTF3aASoq2YNkmBwo=	\N	f	s29				f	t	2025-07-30 10:37:02.469357+00	student
49	pbkdf2_sha256$1000000$M7IJ1AnK7BHobIZll6Ww9C$mY4ZuYKiKq2BIaOppDIvrzBAjkgjMeTcQiXTBEBKe9A=	\N	f	s30				f	t	2025-07-30 10:37:03.552294+00	student
50	pbkdf2_sha256$1000000$t36Ny9C5xE16IrHLPVV84G$Smb8tx6y5MF7g1uFVz2GfOuE1BBrsRVlF5t2bhtkfjI=	\N	f	s31				f	t	2025-07-30 10:37:04.732847+00	student
51	pbkdf2_sha256$1000000$QZmvde0on6LznqDd9Kijmp$PKAT8cBv7Hr1DI1iQJkKRR/t5t2CTTRKn4SJDQUq8bM=	\N	f	s32				f	t	2025-07-30 10:37:05.832247+00	student
52	pbkdf2_sha256$1000000$9pQnBwpaApiqfb0ibl1EEX$z38BbHtyPABqGfS2T4iHwiRYOr14uUzt9KxkHztB35A=	\N	f	s33				f	t	2025-07-30 10:37:06.914217+00	student
53	pbkdf2_sha256$1000000$RTztLFTCHginsRNmctA83z$dGxdD+ocgFT9iPt6X57dBbC3sPpbh+u6HixJwu17Wc8=	\N	f	s34				f	t	2025-07-30 10:37:08.06322+00	student
54	pbkdf2_sha256$1000000$ihXo7Hn24yafZXsf8UKqcZ$kGy+Rlv5rLDJyzs3GOTr/++72iW+sK9QYWV5CpbqgpE=	\N	f	s35				f	t	2025-07-30 10:37:09.159257+00	student
55	pbkdf2_sha256$1000000$EQPh3pabLuir3b0HGK9HgO$mRxr+pBOiwYv6wVZ+n0mXccK7eTrNNnVgrN877Q6nW8=	\N	f	s36				f	t	2025-07-30 10:37:10.52417+00	student
56	pbkdf2_sha256$1000000$HPUNDek0Z9jFN8sjTszUZY$kQSTB9XJv/tSFMgCQO/igMkfJA6sPCgLWZTtnmKzjzs=	\N	f	s37				f	t	2025-07-30 10:37:11.640473+00	student
57	pbkdf2_sha256$1000000$plw33EdFMIA1jBsWJzcxF5$e6DYPMvPj9Qi+eRHbknDpxghYdvRDAB031n9Lpy0LZA=	\N	f	s38				f	t	2025-07-30 10:37:12.879634+00	student
58	pbkdf2_sha256$1000000$h4pQfcoI0bINnoqW6B3FpC$uUplWTI0l341pU4Q3X1MEB2efAV0mM43Cpu4nZ66co0=	\N	f	s39				f	t	2025-07-30 10:37:14.087899+00	student
59	pbkdf2_sha256$1000000$uewXs0dEpooPnEEmqniDj5$3pOeCFzke1/Dk/rzNBzCrVJr3n7TOzDTN4Z99/rXMs8=	\N	f	s40				f	t	2025-07-30 10:37:15.15056+00	student
20	pbkdf2_sha256$1000000$QZzCqiwDS739Mj2ZgG6P4g$3/d7LI0CAmaQalqZHgy39Ckn4a/JUfSz3aMfJFL/kgU=	2025-07-31 05:17:14.827803+00	f	s1				f	t	2025-07-30 10:36:31.368027+00	student
60	pbkdf2_sha256$260000$pAI0ImXIX7ISPGDPZRoHH0$+B2w4noJPaqLuqJaCEbGr9Kq4R4kAk4QTe0w7cMK2Lc=	2025-08-18 07:16:04+00	t	eman			eman@gmail.com	t	t	2025-07-30 10:38:45+00	admin
\.


--
-- Data for Name: accounts_customuser_groups; Type: TABLE DATA; Schema: public; Owner: eman
--

COPY public.accounts_customuser_groups (id, customuser_id, group_id) FROM stdin;
1	1	1
2	2	1
3	3	1
4	4	1
5	5	1
6	6	2
7	7	2
8	8	2
9	9	2
10	10	2
11	11	2
12	12	2
13	13	2
14	14	2
15	15	2
16	16	2
17	17	2
18	18	2
19	19	2
20	20	3
21	21	3
22	22	3
23	23	3
24	24	3
25	25	3
26	26	3
27	27	3
28	28	3
29	29	3
30	30	3
31	31	3
32	32	3
33	33	3
34	34	3
35	35	3
36	36	3
37	37	3
38	38	3
39	39	3
40	40	3
41	41	3
42	42	3
43	43	3
44	44	3
45	45	3
46	46	3
47	47	3
48	48	3
49	49	3
50	50	3
51	51	3
52	52	3
53	53	3
54	54	3
55	55	3
56	56	3
57	57	3
58	58	3
59	59	3
60	60	1
\.


--
-- Data for Name: accounts_customuser_user_permissions; Type: TABLE DATA; Schema: public; Owner: eman
--

COPY public.accounts_customuser_user_permissions (id, customuser_id, permission_id) FROM stdin;
1	60	1
2	60	2
3	60	3
4	60	4
5	60	5
6	60	6
7	60	7
8	60	8
9	60	9
10	60	10
11	60	11
12	60	12
13	60	13
14	60	14
15	60	15
16	60	16
17	60	17
18	60	18
19	60	19
20	60	20
21	60	21
22	60	22
23	60	23
24	60	24
25	60	25
26	60	26
27	60	27
28	60	28
29	60	29
30	60	30
31	60	31
32	60	32
33	60	33
34	60	34
35	60	35
36	60	36
37	60	37
38	60	38
39	60	39
40	60	40
41	60	41
42	60	42
43	60	43
44	60	44
45	60	45
46	60	46
47	60	47
48	60	48
49	60	49
50	60	50
51	60	51
52	60	52
53	60	53
54	60	54
55	60	55
56	60	56
57	60	57
58	60	58
59	60	59
60	60	60
61	60	61
62	60	62
63	60	63
64	60	64
\.


--
-- Data for Name: auth_group; Type: TABLE DATA; Schema: public; Owner: eman
--

COPY public.auth_group (id, name) FROM stdin;
3	students
2	faculty
1	admins
\.


--
-- Data for Name: auth_group_permissions; Type: TABLE DATA; Schema: public; Owner: eman
--

COPY public.auth_group_permissions (id, group_id, permission_id) FROM stdin;
1	3	32
2	3	36
3	3	8
4	3	40
5	3	12
6	3	44
7	3	16
8	3	20
9	3	24
10	3	28
11	2	32
12	2	33
13	2	34
14	2	35
15	2	36
16	2	8
17	2	40
18	2	12
19	2	16
20	2	20
21	2	24
22	2	25
23	2	26
24	2	27
25	2	28
26	1	1
27	1	2
28	1	3
29	1	4
30	1	5
31	1	6
32	1	7
33	1	8
34	1	9
35	1	10
36	1	11
37	1	12
38	1	13
39	1	14
40	1	15
41	1	16
42	1	17
43	1	18
44	1	19
45	1	20
46	1	21
47	1	22
48	1	23
49	1	24
50	1	25
51	1	26
52	1	27
53	1	28
54	1	29
55	1	30
56	1	31
57	1	32
58	1	33
59	1	34
60	1	35
61	1	36
62	1	37
63	1	38
64	1	39
65	1	40
66	1	41
67	1	42
68	1	43
69	1	44
70	1	45
71	1	46
72	1	47
73	1	48
74	1	49
75	1	50
76	1	51
77	1	52
78	1	53
79	1	54
80	1	55
81	1	56
82	1	57
83	1	58
84	1	59
85	1	60
86	1	61
87	1	62
88	1	63
89	1	64
\.


--
-- Data for Name: auth_permission; Type: TABLE DATA; Schema: public; Owner: eman
--

COPY public.auth_permission (id, name, content_type_id, codename) FROM stdin;
1	Can add user	1	add_customuser
2	Can change user	1	change_customuser
3	Can delete user	1	delete_customuser
4	Can view user	1	view_customuser
5	Can add course	2	add_course
6	Can change course	2	change_course
7	Can delete course	2	delete_course
8	Can view course	2	view_course
9	Can add department	3	add_department
10	Can change department	3	change_department
11	Can delete department	3	delete_department
12	Can view department	3	view_department
13	Can add program	4	add_program
14	Can change program	4	change_program
15	Can delete program	4	delete_program
16	Can view program	4	view_program
17	Can add timetable	5	add_timetable
18	Can change timetable	5	change_timetable
19	Can delete timetable	5	delete_timetable
20	Can view timetable	5	view_timetable
21	Can add student	6	add_student
22	Can change student	6	change_student
23	Can delete student	6	delete_student
24	Can view student	6	view_student
25	Can add grade	7	add_grade
26	Can change grade	7	change_grade
27	Can delete grade	7	delete_grade
28	Can view grade	7	view_grade
29	Can add enrollment	8	add_enrollment
30	Can change enrollment	8	change_enrollment
31	Can delete enrollment	8	delete_enrollment
32	Can view enrollment	8	view_enrollment
33	Can add attendance	9	add_attendance
34	Can change attendance	9	change_attendance
35	Can delete attendance	9	delete_attendance
36	Can view attendance	9	view_attendance
37	Can add withdrawal	10	add_withdrawal
38	Can change withdrawal	10	change_withdrawal
39	Can delete withdrawal	10	delete_withdrawal
40	Can view withdrawal	10	view_withdrawal
41	Can add faculty	11	add_faculty
42	Can change faculty	11	change_faculty
43	Can delete faculty	11	delete_faculty
44	Can view faculty	11	view_faculty
45	Can add log entry	12	add_logentry
46	Can change log entry	12	change_logentry
47	Can delete log entry	12	delete_logentry
48	Can view log entry	12	view_logentry
49	Can add permission	13	add_permission
50	Can change permission	13	change_permission
51	Can delete permission	13	delete_permission
52	Can view permission	13	view_permission
53	Can add group	14	add_group
54	Can change group	14	change_group
55	Can delete group	14	delete_group
56	Can view group	14	view_group
57	Can add content type	15	add_contenttype
58	Can change content type	15	change_contenttype
59	Can delete content type	15	delete_contenttype
60	Can view content type	15	view_contenttype
61	Can add session	16	add_session
62	Can change session	16	change_session
63	Can delete session	16	delete_session
64	Can view session	16	view_session
\.


--
-- Data for Name: django_admin_log; Type: TABLE DATA; Schema: public; Owner: eman
--

COPY public.django_admin_log (id, action_time, object_id, object_repr, action_flag, change_message, content_type_id, user_id) FROM stdin;
1	2025-07-31 04:53:14.627674+00	61	new	1	[{"added": {}}]	1	60
2	2025-07-31 04:53:44.348824+00	61	new	3		1	60
3	2025-07-31 04:55:42.912166+00	3	students	2	[{"changed": {"fields": ["Permissions"]}}]	14	60
4	2025-07-31 04:58:57.999274+00	2	faculty	2	[{"changed": {"fields": ["Permissions"]}}]	14	60
5	2025-07-31 04:59:07.071177+00	1	admins	2	[{"changed": {"fields": ["Permissions"]}}]	14	60
6	2025-07-31 05:58:19.70457+00	60	eman	2	[{"changed": {"fields": ["User type"]}}]	1	60
7	2025-07-31 07:12:40.99558+00	60	eman	2	[{"changed": {"fields": ["Groups"]}}]	1	1
8	2025-08-18 07:31:09.403532+00	60	eman	2	[{"changed": {"fields": ["User permissions"]}}]	1	60
\.


--
-- Data for Name: django_content_type; Type: TABLE DATA; Schema: public; Owner: eman
--

COPY public.django_content_type (id, app_label, model) FROM stdin;
1	accounts	customuser
2	academics	course
3	academics	department
4	academics	program
5	academics	timetable
6	students	student
7	students	grade
8	students	enrollment
9	students	attendance
10	students	withdrawal
11	faculty	faculty
12	admin	logentry
13	auth	permission
14	auth	group
15	contenttypes	contenttype
16	sessions	session
\.


--
-- Data for Name: django_migrations; Type: TABLE DATA; Schema: public; Owner: eman
--

COPY public.django_migrations (id, app, name, applied) FROM stdin;
1	contenttypes	0001_initial	2025-07-30 10:34:11.032285+00
2	contenttypes	0002_remove_content_type_name	2025-07-30 10:34:11.046957+00
3	auth	0001_initial	2025-07-30 10:34:11.109455+00
4	auth	0002_alter_permission_name_max_length	2025-07-30 10:34:11.117749+00
5	auth	0003_alter_user_email_max_length	2025-07-30 10:34:11.125464+00
6	auth	0004_alter_user_username_opts	2025-07-30 10:34:11.129573+00
7	auth	0005_alter_user_last_login_null	2025-07-30 10:34:11.140714+00
8	auth	0006_require_contenttypes_0002	2025-07-30 10:34:11.142597+00
9	auth	0007_alter_validators_add_error_messages	2025-07-30 10:34:11.150002+00
10	auth	0008_alter_user_username_max_length	2025-07-30 10:34:11.160721+00
11	auth	0009_alter_user_last_name_max_length	2025-07-30 10:34:11.167603+00
12	auth	0010_alter_group_name_max_length	2025-07-30 10:34:11.180405+00
13	auth	0011_update_proxy_permissions	2025-07-30 10:34:11.186601+00
14	auth	0012_alter_user_first_name_max_length	2025-07-30 10:34:11.194938+00
15	accounts	0001_initial	2025-07-30 10:34:11.249339+00
16	academics	0001_initial	2025-07-30 10:34:11.274565+00
17	faculty	0001_initial	2025-07-30 10:34:11.30095+00
18	academics	0002_initial	2025-07-30 10:34:11.363259+00
19	admin	0001_initial	2025-07-30 10:34:11.396026+00
20	admin	0002_logentry_remove_auto_add	2025-07-30 10:34:11.408781+00
21	admin	0003_logentry_add_action_flag_choices	2025-07-30 10:34:11.413543+00
22	sessions	0001_initial	2025-07-30 10:34:11.438201+00
23	students	0001_initial	2025-07-30 10:34:11.571962+00
\.


--
-- Data for Name: django_session; Type: TABLE DATA; Schema: public; Owner: eman
--

COPY public.django_session (session_key, session_data, expire_date) FROM stdin;
13d28158bl00tttmmfpbycttge0wal28	.eJxVjMsOwiAQRf-FtSFAh4cu3fsNZGCmUjWQlHZl_HdD0oVu7znnvkXEfStx77zGhcRFOCVOv2PC_OQ6CD2w3pvMrW7rkuRQ5EG7vDXi1_Vw_w4K9jJq0PrMPujMlrTymUGxnqYEyAaNt4AGZnLoPBv2KRCZMAOw8wYtB_H5AggGODU:1uhNT7:6yDzwux_reA1YgpGhNFtHnPMEUwBpNakm4eZd_dDQwE	2025-08-14 07:12:49.739543+00
1p5j1gc0nfhyu0fh7orr8l3wylhg3mte	.eJxVjEEOwiAQRe_C2pAJtDC4dO8ZmmEGpGogKe3KeHdt0oVu_3vvv9RE21qmradlmkWdlQN1-h0j8SPVncid6q1pbnVd5qh3RR-062uT9Lwc7t9BoV6-NWRizwDibQiCg4yCEQdmg5gDEfJgHRogAbFoKJjoRmYP7HICP6r3BxU2OEA:1untPw:D6Qv3kPyiO4FNrTt5mBvjLdovyl7G3gO5f-bPKzt1Ek	2025-09-01 06:32:28.983805+00
xnblgez6vajykj1lzqx6xwuabg598oo1	.eJxVjEEOwiAQRe_C2pAJtDC4dO8ZmmEGpGogKe3KeHdt0oVu_3vvv9RE21qmradlmkWdlQN1-h0j8SPVncid6q1pbnVd5qh3RR-062uT9Lwc7t9BoV6-NWRizwDibQiCg4yCEQdmg5gDEfJgHRogAbFoKJjoRmYP7HICP6r3BxU2OEA:1unu68:Fv3f7PMulBDHChaZlQ1OiwVVrZe_zMsN-NqNgubLb6Q	2025-09-01 07:16:04.197431+00
\.


--
-- Data for Name: faculty_faculty; Type: TABLE DATA; Schema: public; Owner: eman
--

COPY public.faculty_faculty (id, department_id, user_id) FROM stdin;
1	2	6
2	3	7
3	4	8
4	1	9
5	2	10
6	3	11
7	4	12
8	1	13
9	2	14
10	3	15
11	4	16
12	1	17
13	2	18
14	3	19
\.


--
-- Data for Name: students_attendance; Type: TABLE DATA; Schema: public; Owner: eman
--

COPY public.students_attendance (id, date, status, course_id, student_id) FROM stdin;
1	2025-07-29	present	17	1
2	2025-07-29	present	2	1
3	2025-07-29	present	1	1
4	2025-07-29	present	18	2
5	2025-07-29	present	4	2
6	2025-07-29	absent	3	2
7	2025-07-29	present	19	3
8	2025-07-29	present	6	3
9	2025-07-29	absent	5	3
10	2025-07-29	present	20	4
11	2025-07-29	absent	8	4
12	2025-07-29	present	7	4
13	2025-07-29	present	10	5
14	2025-07-29	present	9	5
15	2025-07-29	present	12	6
16	2025-07-29	present	11	6
17	2025-07-29	present	14	7
18	2025-07-29	present	13	7
19	2025-07-29	present	16	8
20	2025-07-29	absent	15	8
21	2025-07-29	present	17	9
22	2025-07-29	absent	2	9
23	2025-07-29	present	1	9
24	2025-07-29	present	18	10
25	2025-07-29	present	4	10
26	2025-07-29	present	3	10
27	2025-07-29	present	19	11
28	2025-07-29	present	6	11
29	2025-07-29	present	5	11
30	2025-07-29	present	20	12
31	2025-07-29	present	8	12
32	2025-07-29	absent	7	12
33	2025-07-29	present	10	13
34	2025-07-29	present	9	13
35	2025-07-29	present	12	14
36	2025-07-29	present	11	14
37	2025-07-29	present	14	15
38	2025-07-29	present	13	15
39	2025-07-29	present	16	16
40	2025-07-29	present	15	16
41	2025-07-29	absent	17	17
42	2025-07-29	present	2	17
43	2025-07-29	present	1	17
44	2025-07-29	present	18	18
45	2025-07-29	present	4	18
46	2025-07-29	present	3	18
47	2025-07-29	present	19	19
48	2025-07-29	present	6	19
49	2025-07-29	present	5	19
50	2025-07-29	present	20	20
51	2025-07-29	present	8	20
52	2025-07-29	present	7	20
53	2025-07-29	present	10	21
54	2025-07-29	present	9	21
55	2025-07-29	present	12	22
56	2025-07-29	absent	11	22
57	2025-07-29	absent	14	23
58	2025-07-29	present	13	23
59	2025-07-29	present	16	24
60	2025-07-29	present	15	24
61	2025-07-29	present	17	25
62	2025-07-29	present	2	25
63	2025-07-29	present	1	25
64	2025-07-29	present	18	26
65	2025-07-29	present	4	26
66	2025-07-29	present	3	26
67	2025-07-29	present	19	27
68	2025-07-29	present	6	27
69	2025-07-29	present	5	27
70	2025-07-29	present	20	28
71	2025-07-29	present	8	28
72	2025-07-29	present	7	28
73	2025-07-29	present	10	29
74	2025-07-29	absent	9	29
75	2025-07-29	present	12	30
76	2025-07-29	present	11	30
77	2025-07-29	present	14	31
78	2025-07-29	present	13	31
79	2025-07-29	present	16	32
80	2025-07-29	absent	15	32
81	2025-07-29	present	17	33
82	2025-07-29	absent	2	33
83	2025-07-29	present	1	33
84	2025-07-29	absent	18	34
85	2025-07-29	present	4	34
86	2025-07-29	present	3	34
87	2025-07-29	present	19	35
88	2025-07-29	present	6	35
89	2025-07-29	present	5	35
90	2025-07-29	absent	20	36
91	2025-07-29	present	8	36
92	2025-07-29	absent	7	36
93	2025-07-29	present	10	37
94	2025-07-29	present	9	37
95	2025-07-29	present	12	38
96	2025-07-29	present	11	38
97	2025-07-29	present	14	39
98	2025-07-29	present	13	39
99	2025-07-29	absent	16	40
100	2025-07-29	present	15	40
101	2025-07-27	present	17	1
102	2025-07-27	present	2	1
103	2025-07-27	absent	1	1
104	2025-07-27	absent	18	2
105	2025-07-27	absent	4	2
106	2025-07-27	absent	3	2
107	2025-07-27	present	19	3
108	2025-07-27	present	6	3
109	2025-07-27	present	5	3
110	2025-07-27	absent	20	4
111	2025-07-27	present	8	4
112	2025-07-27	present	7	4
113	2025-07-27	present	10	5
114	2025-07-27	present	9	5
115	2025-07-27	absent	12	6
116	2025-07-27	present	11	6
117	2025-07-27	present	14	7
118	2025-07-27	present	13	7
119	2025-07-27	present	16	8
120	2025-07-27	absent	15	8
121	2025-07-27	present	17	9
122	2025-07-27	present	2	9
123	2025-07-27	present	1	9
124	2025-07-27	present	18	10
125	2025-07-27	absent	4	10
126	2025-07-27	absent	3	10
127	2025-07-27	present	19	11
128	2025-07-27	present	6	11
129	2025-07-27	present	5	11
130	2025-07-27	present	20	12
131	2025-07-27	present	8	12
132	2025-07-27	present	7	12
133	2025-07-27	present	10	13
134	2025-07-27	present	9	13
135	2025-07-27	absent	12	14
136	2025-07-27	absent	11	14
137	2025-07-27	absent	14	15
138	2025-07-27	present	13	15
139	2025-07-27	absent	16	16
140	2025-07-27	present	15	16
141	2025-07-27	present	17	17
142	2025-07-27	present	2	17
143	2025-07-27	present	1	17
144	2025-07-27	present	18	18
145	2025-07-27	absent	4	18
146	2025-07-27	absent	3	18
147	2025-07-27	present	19	19
148	2025-07-27	absent	6	19
149	2025-07-27	present	5	19
150	2025-07-27	present	20	20
151	2025-07-27	absent	8	20
152	2025-07-27	present	7	20
153	2025-07-27	present	10	21
154	2025-07-27	present	9	21
155	2025-07-27	present	12	22
156	2025-07-27	present	11	22
157	2025-07-27	present	14	23
158	2025-07-27	present	13	23
159	2025-07-27	present	16	24
160	2025-07-27	present	15	24
161	2025-07-27	present	17	25
162	2025-07-27	present	2	25
163	2025-07-27	present	1	25
164	2025-07-27	absent	18	26
165	2025-07-27	present	4	26
166	2025-07-27	absent	3	26
167	2025-07-27	present	19	27
168	2025-07-27	absent	6	27
169	2025-07-27	present	5	27
170	2025-07-27	present	20	28
171	2025-07-27	absent	8	28
172	2025-07-27	present	7	28
173	2025-07-27	present	10	29
174	2025-07-27	absent	9	29
175	2025-07-27	present	12	30
176	2025-07-27	present	11	30
177	2025-07-27	present	14	31
178	2025-07-27	present	13	31
179	2025-07-27	present	16	32
180	2025-07-27	absent	15	32
181	2025-07-27	present	17	33
182	2025-07-27	present	2	33
183	2025-07-27	absent	1	33
184	2025-07-27	present	18	34
185	2025-07-27	absent	4	34
186	2025-07-27	present	3	34
187	2025-07-27	absent	19	35
188	2025-07-27	present	6	35
189	2025-07-27	present	5	35
190	2025-07-27	present	20	36
191	2025-07-27	absent	8	36
192	2025-07-27	present	7	36
193	2025-07-27	present	10	37
194	2025-07-27	present	9	37
195	2025-07-27	present	12	38
196	2025-07-27	present	11	38
197	2025-07-27	present	14	39
198	2025-07-27	absent	13	39
199	2025-07-27	present	16	40
200	2025-07-27	present	15	40
201	2025-07-25	present	17	1
202	2025-07-25	present	2	1
203	2025-07-25	present	1	1
204	2025-07-25	present	18	2
205	2025-07-25	absent	4	2
206	2025-07-25	present	3	2
207	2025-07-25	absent	19	3
208	2025-07-25	absent	6	3
209	2025-07-25	absent	5	3
210	2025-07-25	present	20	4
211	2025-07-25	present	8	4
212	2025-07-25	present	7	4
213	2025-07-25	present	10	5
214	2025-07-25	absent	9	5
215	2025-07-25	present	12	6
216	2025-07-25	present	11	6
217	2025-07-25	absent	14	7
218	2025-07-25	present	13	7
219	2025-07-25	absent	16	8
220	2025-07-25	present	15	8
221	2025-07-25	absent	17	9
222	2025-07-25	present	2	9
223	2025-07-25	present	1	9
224	2025-07-25	present	18	10
225	2025-07-25	present	4	10
226	2025-07-25	present	3	10
227	2025-07-25	present	19	11
228	2025-07-25	present	6	11
229	2025-07-25	absent	5	11
230	2025-07-25	present	20	12
231	2025-07-25	present	8	12
232	2025-07-25	present	7	12
233	2025-07-25	present	10	13
234	2025-07-25	present	9	13
235	2025-07-25	present	12	14
236	2025-07-25	present	11	14
237	2025-07-25	present	14	15
238	2025-07-25	present	13	15
239	2025-07-25	present	16	16
240	2025-07-25	present	15	16
241	2025-07-25	present	17	17
242	2025-07-25	present	2	17
243	2025-07-25	present	1	17
244	2025-07-25	present	18	18
245	2025-07-25	present	4	18
246	2025-07-25	present	3	18
247	2025-07-25	present	19	19
248	2025-07-25	present	6	19
249	2025-07-25	present	5	19
250	2025-07-25	present	20	20
251	2025-07-25	present	8	20
252	2025-07-25	present	7	20
253	2025-07-25	absent	10	21
254	2025-07-25	present	9	21
255	2025-07-25	absent	12	22
256	2025-07-25	present	11	22
257	2025-07-25	present	14	23
258	2025-07-25	present	13	23
259	2025-07-25	present	16	24
260	2025-07-25	present	15	24
261	2025-07-25	present	17	25
262	2025-07-25	present	2	25
263	2025-07-25	present	1	25
264	2025-07-25	present	18	26
265	2025-07-25	present	4	26
266	2025-07-25	present	3	26
267	2025-07-25	absent	19	27
268	2025-07-25	present	6	27
269	2025-07-25	present	5	27
270	2025-07-25	present	20	28
271	2025-07-25	absent	8	28
272	2025-07-25	absent	7	28
273	2025-07-25	present	10	29
274	2025-07-25	present	9	29
275	2025-07-25	present	12	30
276	2025-07-25	present	11	30
277	2025-07-25	present	14	31
278	2025-07-25	present	13	31
279	2025-07-25	present	16	32
280	2025-07-25	present	15	32
281	2025-07-25	present	17	33
282	2025-07-25	present	2	33
283	2025-07-25	present	1	33
284	2025-07-25	absent	18	34
285	2025-07-25	present	4	34
286	2025-07-25	absent	3	34
287	2025-07-25	present	19	35
288	2025-07-25	present	6	35
289	2025-07-25	present	5	35
290	2025-07-25	present	20	36
291	2025-07-25	present	8	36
292	2025-07-25	present	7	36
293	2025-07-25	present	10	37
294	2025-07-25	present	9	37
295	2025-07-25	absent	12	38
296	2025-07-25	absent	11	38
297	2025-07-25	absent	14	39
298	2025-07-25	present	13	39
299	2025-07-25	absent	16	40
300	2025-07-25	present	15	40
\.


--
-- Data for Name: students_enrollment; Type: TABLE DATA; Schema: public; Owner: eman
--

COPY public.students_enrollment (id, enrolled_on, course_id, student_id) FROM stdin;
1	2025-07-31	1	1
2	2025-07-31	1	9
3	2025-07-31	1	17
4	2025-07-31	1	25
5	2025-07-31	1	33
6	2025-07-31	3	2
7	2025-07-31	3	10
8	2025-07-31	3	18
9	2025-07-31	3	26
10	2025-07-31	3	34
11	2025-07-31	5	3
12	2025-07-31	5	11
13	2025-07-31	5	19
14	2025-07-31	5	27
15	2025-07-31	5	35
16	2025-07-31	7	4
17	2025-07-31	7	12
18	2025-07-31	7	20
19	2025-07-31	7	28
20	2025-07-31	7	36
21	2025-07-31	9	5
22	2025-07-31	9	13
23	2025-07-31	9	21
24	2025-07-31	9	29
25	2025-07-31	9	37
26	2025-07-31	11	6
27	2025-07-31	11	14
28	2025-07-31	11	22
29	2025-07-31	11	30
30	2025-07-31	11	38
31	2025-07-31	13	7
32	2025-07-31	13	15
33	2025-07-31	13	23
34	2025-07-31	13	31
35	2025-07-31	13	39
36	2025-07-31	15	8
37	2025-07-31	15	16
38	2025-07-31	15	24
39	2025-07-31	15	32
40	2025-07-31	15	40
41	2025-07-31	17	1
42	2025-07-31	17	9
43	2025-07-31	17	17
44	2025-07-31	17	25
45	2025-07-31	17	33
46	2025-07-31	19	3
47	2025-07-31	19	11
48	2025-07-31	19	19
49	2025-07-31	19	27
50	2025-07-31	19	35
\.


--
-- Data for Name: students_grade; Type: TABLE DATA; Schema: public; Owner: eman
--

COPY public.students_grade (id, grade, course_id, student_id) FROM stdin;
1	3.43	2	1
2	4.05	2	9
3	2.36	2	17
4	3.47	2	25
5	3.65	2	33
6	3.83	4	2
7	4.24	4	10
8	1.28	4	18
9	1.72	4	26
10	4.64	4	34
11	4.67	6	3
12	2.77	6	11
13	3.93	6	19
14	4.32	6	27
15	2.87	6	35
16	1.14	8	4
17	3.41	8	12
18	2.21	8	20
19	1.18	8	28
20	3.57	8	36
21	1.19	10	5
22	4.89	10	13
23	2.26	10	21
24	3.79	10	29
25	1.04	10	37
26	1.34	12	6
27	4.12	12	14
28	4.65	12	22
29	1.02	12	30
30	3.16	12	38
31	3.03	14	7
32	2.67	14	15
33	4.22	14	23
34	4.27	14	31
35	4.83	14	39
36	4.21	16	8
37	2.64	16	16
38	4.13	16	24
39	4.79	16	32
40	3.61	16	40
41	1.18	18	2
42	1.75	18	10
43	1.95	18	18
44	4.1	18	26
45	2.99	18	34
46	2.94	20	4
47	1.03	20	12
48	3.56	20	20
49	3.76	20	28
50	4.46	20	36
51	3.7	12	2
\.


--
-- Data for Name: students_student; Type: TABLE DATA; Schema: public; Owner: eman
--

COPY public.students_student (id, enrollment_date, department_id, program_id, user_id) FROM stdin;
1	2025-07-31	1	1	20
2	2025-07-31	2	2	21
3	2025-07-31	3	3	22
4	2025-07-31	4	4	23
5	2025-07-31	1	5	24
6	2025-07-31	2	6	25
7	2025-07-31	3	7	26
8	2025-07-31	4	8	27
9	2025-07-31	1	1	28
10	2025-07-31	2	2	29
11	2025-07-31	3	3	30
12	2025-07-31	4	4	31
13	2025-07-31	1	5	32
14	2025-07-31	2	6	33
15	2025-07-31	3	7	34
16	2025-07-31	4	8	35
17	2025-07-31	1	1	36
18	2025-07-31	2	2	37
19	2025-07-31	3	3	38
20	2025-07-31	4	4	39
21	2025-07-31	1	5	40
22	2025-07-31	2	6	41
23	2025-07-31	3	7	42
24	2025-07-31	4	8	43
25	2025-07-31	1	1	44
26	2025-07-31	2	2	45
27	2025-07-31	3	3	46
28	2025-07-31	4	4	47
29	2025-07-31	1	5	48
30	2025-07-31	2	6	49
31	2025-07-31	3	7	50
32	2025-07-31	4	8	51
33	2025-07-31	1	1	52
34	2025-07-31	2	2	53
35	2025-07-31	3	3	54
36	2025-07-31	4	4	55
37	2025-07-31	1	5	56
38	2025-07-31	2	6	57
39	2025-07-31	3	7	58
40	2025-07-31	4	8	59
\.


--
-- Data for Name: students_withdrawal; Type: TABLE DATA; Schema: public; Owner: eman
--

COPY public.students_withdrawal (id, reason, date, course_id, student_id) FROM stdin;
1	Too difficult	2025-07-31	1	1
2	Personal issues	2025-07-31	3	5
3	Health reasons	2025-07-31	7	8
\.


--
-- Name: academics_course_id_seq; Type: SEQUENCE SET; Schema: public; Owner: eman
--

SELECT pg_catalog.setval('public.academics_course_id_seq', 1, false);


--
-- Name: academics_department_id_seq; Type: SEQUENCE SET; Schema: public; Owner: eman
--

SELECT pg_catalog.setval('public.academics_department_id_seq', 1, false);


--
-- Name: academics_program_id_seq; Type: SEQUENCE SET; Schema: public; Owner: eman
--

SELECT pg_catalog.setval('public.academics_program_id_seq', 14, true);


--
-- Name: academics_timetable_id_seq; Type: SEQUENCE SET; Schema: public; Owner: eman
--

SELECT pg_catalog.setval('public.academics_timetable_id_seq', 887, true);


--
-- Name: accounts_customuser_groups_id_seq; Type: SEQUENCE SET; Schema: public; Owner: eman
--

SELECT pg_catalog.setval('public.accounts_customuser_groups_id_seq', 60, true);


--
-- Name: accounts_customuser_id_seq; Type: SEQUENCE SET; Schema: public; Owner: eman
--

SELECT pg_catalog.setval('public.accounts_customuser_id_seq', 61, true);


--
-- Name: accounts_customuser_user_permissions_id_seq; Type: SEQUENCE SET; Schema: public; Owner: eman
--

SELECT pg_catalog.setval('public.accounts_customuser_user_permissions_id_seq', 64, true);


--
-- Name: auth_group_id_seq; Type: SEQUENCE SET; Schema: public; Owner: eman
--

SELECT pg_catalog.setval('public.auth_group_id_seq', 3, true);


--
-- Name: auth_group_permissions_id_seq; Type: SEQUENCE SET; Schema: public; Owner: eman
--

SELECT pg_catalog.setval('public.auth_group_permissions_id_seq', 89, true);


--
-- Name: auth_permission_id_seq; Type: SEQUENCE SET; Schema: public; Owner: eman
--

SELECT pg_catalog.setval('public.auth_permission_id_seq', 64, true);


--
-- Name: django_admin_log_id_seq; Type: SEQUENCE SET; Schema: public; Owner: eman
--

SELECT pg_catalog.setval('public.django_admin_log_id_seq', 8, true);


--
-- Name: django_content_type_id_seq; Type: SEQUENCE SET; Schema: public; Owner: eman
--

SELECT pg_catalog.setval('public.django_content_type_id_seq', 16, true);


--
-- Name: django_migrations_id_seq; Type: SEQUENCE SET; Schema: public; Owner: eman
--

SELECT pg_catalog.setval('public.django_migrations_id_seq', 23, true);


--
-- Name: faculty_faculty_id_seq; Type: SEQUENCE SET; Schema: public; Owner: eman
--

SELECT pg_catalog.setval('public.faculty_faculty_id_seq', 1, false);


--
-- Name: students_attendance_id_seq; Type: SEQUENCE SET; Schema: public; Owner: eman
--

SELECT pg_catalog.setval('public.students_attendance_id_seq', 300, true);


--
-- Name: students_enrollment_id_seq; Type: SEQUENCE SET; Schema: public; Owner: eman
--

SELECT pg_catalog.setval('public.students_enrollment_id_seq', 50, true);


--
-- Name: students_grade_id_seq; Type: SEQUENCE SET; Schema: public; Owner: eman
--

SELECT pg_catalog.setval('public.students_grade_id_seq', 51, true);


--
-- Name: students_student_id_seq; Type: SEQUENCE SET; Schema: public; Owner: eman
--

SELECT pg_catalog.setval('public.students_student_id_seq', 1, false);


--
-- Name: students_withdrawal_id_seq; Type: SEQUENCE SET; Schema: public; Owner: eman
--

SELECT pg_catalog.setval('public.students_withdrawal_id_seq', 3, true);


--
-- Name: academics_course academics_course_pkey; Type: CONSTRAINT; Schema: public; Owner: eman
--

ALTER TABLE ONLY public.academics_course
    ADD CONSTRAINT academics_course_pkey PRIMARY KEY (id);


--
-- Name: academics_department academics_department_pkey; Type: CONSTRAINT; Schema: public; Owner: eman
--

ALTER TABLE ONLY public.academics_department
    ADD CONSTRAINT academics_department_pkey PRIMARY KEY (id);


--
-- Name: academics_program academics_program_pkey; Type: CONSTRAINT; Schema: public; Owner: eman
--

ALTER TABLE ONLY public.academics_program
    ADD CONSTRAINT academics_program_pkey PRIMARY KEY (id);


--
-- Name: academics_timetable academics_timetable_pkey; Type: CONSTRAINT; Schema: public; Owner: eman
--

ALTER TABLE ONLY public.academics_timetable
    ADD CONSTRAINT academics_timetable_pkey PRIMARY KEY (id);


--
-- Name: accounts_customuser_groups accounts_customuser_groups_customuser_id_group_id_c074bdcb_uniq; Type: CONSTRAINT; Schema: public; Owner: eman
--

ALTER TABLE ONLY public.accounts_customuser_groups
    ADD CONSTRAINT accounts_customuser_groups_customuser_id_group_id_c074bdcb_uniq UNIQUE (customuser_id, group_id);


--
-- Name: accounts_customuser_groups accounts_customuser_groups_pkey; Type: CONSTRAINT; Schema: public; Owner: eman
--

ALTER TABLE ONLY public.accounts_customuser_groups
    ADD CONSTRAINT accounts_customuser_groups_pkey PRIMARY KEY (id);


--
-- Name: accounts_customuser accounts_customuser_pkey; Type: CONSTRAINT; Schema: public; Owner: eman
--

ALTER TABLE ONLY public.accounts_customuser
    ADD CONSTRAINT accounts_customuser_pkey PRIMARY KEY (id);


--
-- Name: accounts_customuser_user_permissions accounts_customuser_user_customuser_id_permission_9632a709_uniq; Type: CONSTRAINT; Schema: public; Owner: eman
--

ALTER TABLE ONLY public.accounts_customuser_user_permissions
    ADD CONSTRAINT accounts_customuser_user_customuser_id_permission_9632a709_uniq UNIQUE (customuser_id, permission_id);


--
-- Name: accounts_customuser_user_permissions accounts_customuser_user_permissions_pkey; Type: CONSTRAINT; Schema: public; Owner: eman
--

ALTER TABLE ONLY public.accounts_customuser_user_permissions
    ADD CONSTRAINT accounts_customuser_user_permissions_pkey PRIMARY KEY (id);


--
-- Name: accounts_customuser accounts_customuser_username_key; Type: CONSTRAINT; Schema: public; Owner: eman
--

ALTER TABLE ONLY public.accounts_customuser
    ADD CONSTRAINT accounts_customuser_username_key UNIQUE (username);


--
-- Name: auth_group auth_group_name_key; Type: CONSTRAINT; Schema: public; Owner: eman
--

ALTER TABLE ONLY public.auth_group
    ADD CONSTRAINT auth_group_name_key UNIQUE (name);


--
-- Name: auth_group_permissions auth_group_permissions_group_id_permission_id_0cd325b0_uniq; Type: CONSTRAINT; Schema: public; Owner: eman
--

ALTER TABLE ONLY public.auth_group_permissions
    ADD CONSTRAINT auth_group_permissions_group_id_permission_id_0cd325b0_uniq UNIQUE (group_id, permission_id);


--
-- Name: auth_group_permissions auth_group_permissions_pkey; Type: CONSTRAINT; Schema: public; Owner: eman
--

ALTER TABLE ONLY public.auth_group_permissions
    ADD CONSTRAINT auth_group_permissions_pkey PRIMARY KEY (id);


--
-- Name: auth_group auth_group_pkey; Type: CONSTRAINT; Schema: public; Owner: eman
--

ALTER TABLE ONLY public.auth_group
    ADD CONSTRAINT auth_group_pkey PRIMARY KEY (id);


--
-- Name: auth_permission auth_permission_content_type_id_codename_01ab375a_uniq; Type: CONSTRAINT; Schema: public; Owner: eman
--

ALTER TABLE ONLY public.auth_permission
    ADD CONSTRAINT auth_permission_content_type_id_codename_01ab375a_uniq UNIQUE (content_type_id, codename);


--
-- Name: auth_permission auth_permission_pkey; Type: CONSTRAINT; Schema: public; Owner: eman
--

ALTER TABLE ONLY public.auth_permission
    ADD CONSTRAINT auth_permission_pkey PRIMARY KEY (id);


--
-- Name: django_admin_log django_admin_log_pkey; Type: CONSTRAINT; Schema: public; Owner: eman
--

ALTER TABLE ONLY public.django_admin_log
    ADD CONSTRAINT django_admin_log_pkey PRIMARY KEY (id);


--
-- Name: django_content_type django_content_type_app_label_model_76bd3d3b_uniq; Type: CONSTRAINT; Schema: public; Owner: eman
--

ALTER TABLE ONLY public.django_content_type
    ADD CONSTRAINT django_content_type_app_label_model_76bd3d3b_uniq UNIQUE (app_label, model);


--
-- Name: django_content_type django_content_type_pkey; Type: CONSTRAINT; Schema: public; Owner: eman
--

ALTER TABLE ONLY public.django_content_type
    ADD CONSTRAINT django_content_type_pkey PRIMARY KEY (id);


--
-- Name: django_migrations django_migrations_pkey; Type: CONSTRAINT; Schema: public; Owner: eman
--

ALTER TABLE ONLY public.django_migrations
    ADD CONSTRAINT django_migrations_pkey PRIMARY KEY (id);


--
-- Name: django_session django_session_pkey; Type: CONSTRAINT; Schema: public; Owner: eman
--

ALTER TABLE ONLY public.django_session
    ADD CONSTRAINT django_session_pkey PRIMARY KEY (session_key);


--
-- Name: faculty_faculty faculty_faculty_pkey; Type: CONSTRAINT; Schema: public; Owner: eman
--

ALTER TABLE ONLY public.faculty_faculty
    ADD CONSTRAINT faculty_faculty_pkey PRIMARY KEY (id);


--
-- Name: faculty_faculty faculty_faculty_user_id_key; Type: CONSTRAINT; Schema: public; Owner: eman
--

ALTER TABLE ONLY public.faculty_faculty
    ADD CONSTRAINT faculty_faculty_user_id_key UNIQUE (user_id);


--
-- Name: students_attendance students_attendance_pkey; Type: CONSTRAINT; Schema: public; Owner: eman
--

ALTER TABLE ONLY public.students_attendance
    ADD CONSTRAINT students_attendance_pkey PRIMARY KEY (id);


--
-- Name: students_enrollment students_enrollment_pkey; Type: CONSTRAINT; Schema: public; Owner: eman
--

ALTER TABLE ONLY public.students_enrollment
    ADD CONSTRAINT students_enrollment_pkey PRIMARY KEY (id);


--
-- Name: students_grade students_grade_pkey; Type: CONSTRAINT; Schema: public; Owner: eman
--

ALTER TABLE ONLY public.students_grade
    ADD CONSTRAINT students_grade_pkey PRIMARY KEY (id);


--
-- Name: students_student students_student_pkey; Type: CONSTRAINT; Schema: public; Owner: eman
--

ALTER TABLE ONLY public.students_student
    ADD CONSTRAINT students_student_pkey PRIMARY KEY (id);


--
-- Name: students_student students_student_user_id_key; Type: CONSTRAINT; Schema: public; Owner: eman
--

ALTER TABLE ONLY public.students_student
    ADD CONSTRAINT students_student_user_id_key UNIQUE (user_id);


--
-- Name: students_withdrawal students_withdrawal_pkey; Type: CONSTRAINT; Schema: public; Owner: eman
--

ALTER TABLE ONLY public.students_withdrawal
    ADD CONSTRAINT students_withdrawal_pkey PRIMARY KEY (id);


--
-- Name: academics_course_faculty_id_f1ea56ef; Type: INDEX; Schema: public; Owner: eman
--

CREATE INDEX academics_course_faculty_id_f1ea56ef ON public.academics_course USING btree (faculty_id);


--
-- Name: academics_course_program_id_a0c52b50; Type: INDEX; Schema: public; Owner: eman
--

CREATE INDEX academics_course_program_id_a0c52b50 ON public.academics_course USING btree (program_id);


--
-- Name: academics_program_department_id_018b3b39; Type: INDEX; Schema: public; Owner: eman
--

CREATE INDEX academics_program_department_id_018b3b39 ON public.academics_program USING btree (department_id);


--
-- Name: academics_timetable_course_id_b92190fb; Type: INDEX; Schema: public; Owner: eman
--

CREATE INDEX academics_timetable_course_id_b92190fb ON public.academics_timetable USING btree (course_id);


--
-- Name: accounts_customuser_groups_customuser_id_bc55088e; Type: INDEX; Schema: public; Owner: eman
--

CREATE INDEX accounts_customuser_groups_customuser_id_bc55088e ON public.accounts_customuser_groups USING btree (customuser_id);


--
-- Name: accounts_customuser_groups_group_id_86ba5f9e; Type: INDEX; Schema: public; Owner: eman
--

CREATE INDEX accounts_customuser_groups_group_id_86ba5f9e ON public.accounts_customuser_groups USING btree (group_id);


--
-- Name: accounts_customuser_user_permissions_customuser_id_0deaefae; Type: INDEX; Schema: public; Owner: eman
--

CREATE INDEX accounts_customuser_user_permissions_customuser_id_0deaefae ON public.accounts_customuser_user_permissions USING btree (customuser_id);


--
-- Name: accounts_customuser_user_permissions_permission_id_aea3d0e5; Type: INDEX; Schema: public; Owner: eman
--

CREATE INDEX accounts_customuser_user_permissions_permission_id_aea3d0e5 ON public.accounts_customuser_user_permissions USING btree (permission_id);


--
-- Name: accounts_customuser_username_722f3555_like; Type: INDEX; Schema: public; Owner: eman
--

CREATE INDEX accounts_customuser_username_722f3555_like ON public.accounts_customuser USING btree (username varchar_pattern_ops);


--
-- Name: auth_group_name_a6ea08ec_like; Type: INDEX; Schema: public; Owner: eman
--

CREATE INDEX auth_group_name_a6ea08ec_like ON public.auth_group USING btree (name varchar_pattern_ops);


--
-- Name: auth_group_permissions_group_id_b120cbf9; Type: INDEX; Schema: public; Owner: eman
--

CREATE INDEX auth_group_permissions_group_id_b120cbf9 ON public.auth_group_permissions USING btree (group_id);


--
-- Name: auth_group_permissions_permission_id_84c5c92e; Type: INDEX; Schema: public; Owner: eman
--

CREATE INDEX auth_group_permissions_permission_id_84c5c92e ON public.auth_group_permissions USING btree (permission_id);


--
-- Name: auth_permission_content_type_id_2f476e4b; Type: INDEX; Schema: public; Owner: eman
--

CREATE INDEX auth_permission_content_type_id_2f476e4b ON public.auth_permission USING btree (content_type_id);


--
-- Name: django_admin_log_content_type_id_c4bce8eb; Type: INDEX; Schema: public; Owner: eman
--

CREATE INDEX django_admin_log_content_type_id_c4bce8eb ON public.django_admin_log USING btree (content_type_id);


--
-- Name: django_admin_log_user_id_c564eba6; Type: INDEX; Schema: public; Owner: eman
--

CREATE INDEX django_admin_log_user_id_c564eba6 ON public.django_admin_log USING btree (user_id);


--
-- Name: django_session_expire_date_a5c62663; Type: INDEX; Schema: public; Owner: eman
--

CREATE INDEX django_session_expire_date_a5c62663 ON public.django_session USING btree (expire_date);


--
-- Name: django_session_session_key_c0390e0f_like; Type: INDEX; Schema: public; Owner: eman
--

CREATE INDEX django_session_session_key_c0390e0f_like ON public.django_session USING btree (session_key varchar_pattern_ops);


--
-- Name: faculty_faculty_department_id_964ac24d; Type: INDEX; Schema: public; Owner: eman
--

CREATE INDEX faculty_faculty_department_id_964ac24d ON public.faculty_faculty USING btree (department_id);


--
-- Name: students_attendance_course_id_ee1a9b4b; Type: INDEX; Schema: public; Owner: eman
--

CREATE INDEX students_attendance_course_id_ee1a9b4b ON public.students_attendance USING btree (course_id);


--
-- Name: students_attendance_student_id_95d59851; Type: INDEX; Schema: public; Owner: eman
--

CREATE INDEX students_attendance_student_id_95d59851 ON public.students_attendance USING btree (student_id);


--
-- Name: students_enrollment_course_id_11c77944; Type: INDEX; Schema: public; Owner: eman
--

CREATE INDEX students_enrollment_course_id_11c77944 ON public.students_enrollment USING btree (course_id);


--
-- Name: students_enrollment_student_id_f38f10af; Type: INDEX; Schema: public; Owner: eman
--

CREATE INDEX students_enrollment_student_id_f38f10af ON public.students_enrollment USING btree (student_id);


--
-- Name: students_grade_course_id_91fe70ee; Type: INDEX; Schema: public; Owner: eman
--

CREATE INDEX students_grade_course_id_91fe70ee ON public.students_grade USING btree (course_id);


--
-- Name: students_grade_student_id_f1f11dc6; Type: INDEX; Schema: public; Owner: eman
--

CREATE INDEX students_grade_student_id_f1f11dc6 ON public.students_grade USING btree (student_id);


--
-- Name: students_student_department_id_3d05e923; Type: INDEX; Schema: public; Owner: eman
--

CREATE INDEX students_student_department_id_3d05e923 ON public.students_student USING btree (department_id);


--
-- Name: students_student_program_id_eb8d73b1; Type: INDEX; Schema: public; Owner: eman
--

CREATE INDEX students_student_program_id_eb8d73b1 ON public.students_student USING btree (program_id);


--
-- Name: students_withdrawal_course_id_28da3837; Type: INDEX; Schema: public; Owner: eman
--

CREATE INDEX students_withdrawal_course_id_28da3837 ON public.students_withdrawal USING btree (course_id);


--
-- Name: students_withdrawal_student_id_a4d90eca; Type: INDEX; Schema: public; Owner: eman
--

CREATE INDEX students_withdrawal_student_id_a4d90eca ON public.students_withdrawal USING btree (student_id);


--
-- Name: academics_course academics_course_faculty_id_f1ea56ef_fk_faculty_faculty_id; Type: FK CONSTRAINT; Schema: public; Owner: eman
--

ALTER TABLE ONLY public.academics_course
    ADD CONSTRAINT academics_course_faculty_id_f1ea56ef_fk_faculty_faculty_id FOREIGN KEY (faculty_id) REFERENCES public.faculty_faculty(id) DEFERRABLE INITIALLY DEFERRED;


--
-- Name: academics_course academics_course_program_id_a0c52b50_fk_academics_program_id; Type: FK CONSTRAINT; Schema: public; Owner: eman
--

ALTER TABLE ONLY public.academics_course
    ADD CONSTRAINT academics_course_program_id_a0c52b50_fk_academics_program_id FOREIGN KEY (program_id) REFERENCES public.academics_program(id) DEFERRABLE INITIALLY DEFERRED;


--
-- Name: academics_program academics_program_department_id_018b3b39_fk_academics; Type: FK CONSTRAINT; Schema: public; Owner: eman
--

ALTER TABLE ONLY public.academics_program
    ADD CONSTRAINT academics_program_department_id_018b3b39_fk_academics FOREIGN KEY (department_id) REFERENCES public.academics_department(id) DEFERRABLE INITIALLY DEFERRED;


--
-- Name: academics_timetable academics_timetable_course_id_b92190fb_fk_academics_course_id; Type: FK CONSTRAINT; Schema: public; Owner: eman
--

ALTER TABLE ONLY public.academics_timetable
    ADD CONSTRAINT academics_timetable_course_id_b92190fb_fk_academics_course_id FOREIGN KEY (course_id) REFERENCES public.academics_course(id) DEFERRABLE INITIALLY DEFERRED;


--
-- Name: accounts_customuser_user_permissions accounts_customuser__customuser_id_0deaefae_fk_accounts_; Type: FK CONSTRAINT; Schema: public; Owner: eman
--

ALTER TABLE ONLY public.accounts_customuser_user_permissions
    ADD CONSTRAINT accounts_customuser__customuser_id_0deaefae_fk_accounts_ FOREIGN KEY (customuser_id) REFERENCES public.accounts_customuser(id) DEFERRABLE INITIALLY DEFERRED;


--
-- Name: accounts_customuser_groups accounts_customuser__customuser_id_bc55088e_fk_accounts_; Type: FK CONSTRAINT; Schema: public; Owner: eman
--

ALTER TABLE ONLY public.accounts_customuser_groups
    ADD CONSTRAINT accounts_customuser__customuser_id_bc55088e_fk_accounts_ FOREIGN KEY (customuser_id) REFERENCES public.accounts_customuser(id) DEFERRABLE INITIALLY DEFERRED;


--
-- Name: accounts_customuser_user_permissions accounts_customuser__permission_id_aea3d0e5_fk_auth_perm; Type: FK CONSTRAINT; Schema: public; Owner: eman
--

ALTER TABLE ONLY public.accounts_customuser_user_permissions
    ADD CONSTRAINT accounts_customuser__permission_id_aea3d0e5_fk_auth_perm FOREIGN KEY (permission_id) REFERENCES public.auth_permission(id) DEFERRABLE INITIALLY DEFERRED;


--
-- Name: accounts_customuser_groups accounts_customuser_groups_group_id_86ba5f9e_fk_auth_group_id; Type: FK CONSTRAINT; Schema: public; Owner: eman
--

ALTER TABLE ONLY public.accounts_customuser_groups
    ADD CONSTRAINT accounts_customuser_groups_group_id_86ba5f9e_fk_auth_group_id FOREIGN KEY (group_id) REFERENCES public.auth_group(id) DEFERRABLE INITIALLY DEFERRED;


--
-- Name: auth_group_permissions auth_group_permissio_permission_id_84c5c92e_fk_auth_perm; Type: FK CONSTRAINT; Schema: public; Owner: eman
--

ALTER TABLE ONLY public.auth_group_permissions
    ADD CONSTRAINT auth_group_permissio_permission_id_84c5c92e_fk_auth_perm FOREIGN KEY (permission_id) REFERENCES public.auth_permission(id) DEFERRABLE INITIALLY DEFERRED;


--
-- Name: auth_group_permissions auth_group_permissions_group_id_b120cbf9_fk_auth_group_id; Type: FK CONSTRAINT; Schema: public; Owner: eman
--

ALTER TABLE ONLY public.auth_group_permissions
    ADD CONSTRAINT auth_group_permissions_group_id_b120cbf9_fk_auth_group_id FOREIGN KEY (group_id) REFERENCES public.auth_group(id) DEFERRABLE INITIALLY DEFERRED;


--
-- Name: auth_permission auth_permission_content_type_id_2f476e4b_fk_django_co; Type: FK CONSTRAINT; Schema: public; Owner: eman
--

ALTER TABLE ONLY public.auth_permission
    ADD CONSTRAINT auth_permission_content_type_id_2f476e4b_fk_django_co FOREIGN KEY (content_type_id) REFERENCES public.django_content_type(id) DEFERRABLE INITIALLY DEFERRED;


--
-- Name: django_admin_log django_admin_log_content_type_id_c4bce8eb_fk_django_co; Type: FK CONSTRAINT; Schema: public; Owner: eman
--

ALTER TABLE ONLY public.django_admin_log
    ADD CONSTRAINT django_admin_log_content_type_id_c4bce8eb_fk_django_co FOREIGN KEY (content_type_id) REFERENCES public.django_content_type(id) DEFERRABLE INITIALLY DEFERRED;


--
-- Name: django_admin_log django_admin_log_user_id_c564eba6_fk_accounts_customuser_id; Type: FK CONSTRAINT; Schema: public; Owner: eman
--

ALTER TABLE ONLY public.django_admin_log
    ADD CONSTRAINT django_admin_log_user_id_c564eba6_fk_accounts_customuser_id FOREIGN KEY (user_id) REFERENCES public.accounts_customuser(id) DEFERRABLE INITIALLY DEFERRED;


--
-- Name: faculty_faculty faculty_faculty_department_id_964ac24d_fk_academics; Type: FK CONSTRAINT; Schema: public; Owner: eman
--

ALTER TABLE ONLY public.faculty_faculty
    ADD CONSTRAINT faculty_faculty_department_id_964ac24d_fk_academics FOREIGN KEY (department_id) REFERENCES public.academics_department(id) DEFERRABLE INITIALLY DEFERRED;


--
-- Name: faculty_faculty faculty_faculty_user_id_0398c6ed_fk_accounts_customuser_id; Type: FK CONSTRAINT; Schema: public; Owner: eman
--

ALTER TABLE ONLY public.faculty_faculty
    ADD CONSTRAINT faculty_faculty_user_id_0398c6ed_fk_accounts_customuser_id FOREIGN KEY (user_id) REFERENCES public.accounts_customuser(id) DEFERRABLE INITIALLY DEFERRED;


--
-- Name: students_attendance students_attendance_course_id_ee1a9b4b_fk_academics_course_id; Type: FK CONSTRAINT; Schema: public; Owner: eman
--

ALTER TABLE ONLY public.students_attendance
    ADD CONSTRAINT students_attendance_course_id_ee1a9b4b_fk_academics_course_id FOREIGN KEY (course_id) REFERENCES public.academics_course(id) DEFERRABLE INITIALLY DEFERRED;


--
-- Name: students_attendance students_attendance_student_id_95d59851_fk_students_student_id; Type: FK CONSTRAINT; Schema: public; Owner: eman
--

ALTER TABLE ONLY public.students_attendance
    ADD CONSTRAINT students_attendance_student_id_95d59851_fk_students_student_id FOREIGN KEY (student_id) REFERENCES public.students_student(id) DEFERRABLE INITIALLY DEFERRED;


--
-- Name: students_enrollment students_enrollment_course_id_11c77944_fk_academics_course_id; Type: FK CONSTRAINT; Schema: public; Owner: eman
--

ALTER TABLE ONLY public.students_enrollment
    ADD CONSTRAINT students_enrollment_course_id_11c77944_fk_academics_course_id FOREIGN KEY (course_id) REFERENCES public.academics_course(id) DEFERRABLE INITIALLY DEFERRED;


--
-- Name: students_enrollment students_enrollment_student_id_f38f10af_fk_students_student_id; Type: FK CONSTRAINT; Schema: public; Owner: eman
--

ALTER TABLE ONLY public.students_enrollment
    ADD CONSTRAINT students_enrollment_student_id_f38f10af_fk_students_student_id FOREIGN KEY (student_id) REFERENCES public.students_student(id) DEFERRABLE INITIALLY DEFERRED;


--
-- Name: students_grade students_grade_course_id_91fe70ee_fk_academics_course_id; Type: FK CONSTRAINT; Schema: public; Owner: eman
--

ALTER TABLE ONLY public.students_grade
    ADD CONSTRAINT students_grade_course_id_91fe70ee_fk_academics_course_id FOREIGN KEY (course_id) REFERENCES public.academics_course(id) DEFERRABLE INITIALLY DEFERRED;


--
-- Name: students_grade students_grade_student_id_f1f11dc6_fk_students_student_id; Type: FK CONSTRAINT; Schema: public; Owner: eman
--

ALTER TABLE ONLY public.students_grade
    ADD CONSTRAINT students_grade_student_id_f1f11dc6_fk_students_student_id FOREIGN KEY (student_id) REFERENCES public.students_student(id) DEFERRABLE INITIALLY DEFERRED;


--
-- Name: students_student students_student_department_id_3d05e923_fk_academics; Type: FK CONSTRAINT; Schema: public; Owner: eman
--

ALTER TABLE ONLY public.students_student
    ADD CONSTRAINT students_student_department_id_3d05e923_fk_academics FOREIGN KEY (department_id) REFERENCES public.academics_department(id) DEFERRABLE INITIALLY DEFERRED;


--
-- Name: students_student students_student_program_id_eb8d73b1_fk_academics_program_id; Type: FK CONSTRAINT; Schema: public; Owner: eman
--

ALTER TABLE ONLY public.students_student
    ADD CONSTRAINT students_student_program_id_eb8d73b1_fk_academics_program_id FOREIGN KEY (program_id) REFERENCES public.academics_program(id) DEFERRABLE INITIALLY DEFERRED;


--
-- Name: students_student students_student_user_id_56286dbb_fk_accounts_customuser_id; Type: FK CONSTRAINT; Schema: public; Owner: eman
--

ALTER TABLE ONLY public.students_student
    ADD CONSTRAINT students_student_user_id_56286dbb_fk_accounts_customuser_id FOREIGN KEY (user_id) REFERENCES public.accounts_customuser(id) DEFERRABLE INITIALLY DEFERRED;


--
-- Name: students_withdrawal students_withdrawal_course_id_28da3837_fk_academics_course_id; Type: FK CONSTRAINT; Schema: public; Owner: eman
--

ALTER TABLE ONLY public.students_withdrawal
    ADD CONSTRAINT students_withdrawal_course_id_28da3837_fk_academics_course_id FOREIGN KEY (course_id) REFERENCES public.academics_course(id) DEFERRABLE INITIALLY DEFERRED;


--
-- Name: students_withdrawal students_withdrawal_student_id_a4d90eca_fk_students_student_id; Type: FK CONSTRAINT; Schema: public; Owner: eman
--

ALTER TABLE ONLY public.students_withdrawal
    ADD CONSTRAINT students_withdrawal_student_id_a4d90eca_fk_students_student_id FOREIGN KEY (student_id) REFERENCES public.students_student(id) DEFERRABLE INITIALLY DEFERRED;


--
-- PostgreSQL database dump complete
--

